Sample_ID,Region,Mg,Al,Si,P,S,K,Ca,Ti,V,Cr,Mn,Fe,Co,Ni,Cu,Zn,As,Se,Rb,Sr,Y,Zr,Nb,Mo,Ag,Cd,Sn,Sb,Ba,La,Ce,Pr,Nd,W,Hg,Pb,Bi,Th,U
1,Faroes,3791,0,349,6930,20335,13060,1053,105,0,0,46,37,0,0,8,28,0,0,2,6,0,0,0,0,0,0,0,0,0,28,0,0,0,0,0,0,0,37,10
1,Faroes,3545,0,303,6952,19912,12959,1053,0,0,0,52,37,0,0,6,29,0,0,2,6,0,0,0,2,0,0,0,0,0,0,38,0,0,0,0,0,0,33,9
1,Faroes,4085,0,378,6941,20268,12965,1024,76,0,0,51,39,4,0,8,30,0,0,2,5,0,0,0,0,0,0,0,0,0,0,0,0,0,0,0,0,0,37,10
2,Faroes,3342,0,397,6604,18250,12146,772,172,0,0,75,52,0,0,6,31,0,0,2,5,0,0,0,2,0,0,0,0,24,0,0,0,0,0,0,0,0,36,9
2,Faroes,3876,0,429,6548,18243,12135,773,175,0,0,77,48,0,0,4,30,0,0,2,5,0,0,0,2,0,0,0,0,18,0,37,60,0,0,0,0,0,34,8
2,Faroes,3400,0,335,6591,18555,12129,759,182,0,0,74,55,4,0,6,32,0,0,2,5,0,0,0,0,0,0,0,0,0,0,0,0,80,0,0,0,0,35,9
3,Faroes,3983,0,587,5224,14199,6079,1967,610,0,0,138,61,0,0,8,29,0,0,1,4,0,0,0,2,0,0,0,0,0,0,0,0,0,0,0,0,0,41,11
3,Faroes,3794,685,701,5234,14128,6139,1979,565,0,0,142,64,0,0,10,29,0,0,1,4,0,0,0,2,0,0,0,0,0,0,0,0,0,0,0,0,0,38,11
3,Faroes,4520,889,613,5193,14174,6138,1946,605,0,0,134,60,4,0,10,29,0,0,1,4,0,0,0,2,0,0,0,0,0,0,0,0,0,0,0,0,0,41,11
4,Faroes,0,510,491,5392,16203,9710,1349,842,0,0,111,49,4,0,7,34,0,0,2,7,0,0,0,2,0,0,0,0,0,0,0,0,0,0,0,1,0,41,11
4,Faroes,0,597,393,5385,16121,9687,1348,834,0,0,110,46,0,0,5,33,0,0,1,6,0,0,0,2,0,0,0,0,20,29,39,0,0,0,0,1,0,41,11
4,Faroes,3681,0,474,5438,16390,9751,1372,829,0,0,113,48,0,0,5,33,0,0,2,7,0,0,0,0,0,0,0,0,22,0,0,0,0,0,0,0,0,41,11
4,Faroes,4057,0,490,5495,16424,9598,790,823,0,0,107,47,4,0,5,35,0,0,2,5,0,0,0,2,0,0,0,0,0,28,43,0,0,0,0,0,0,40,10
4,Faroes,5250,562,367,5435,16364,9631,814,805,0,0,96,44,4,0,6,36,0,0,1,5,0,0,0,2,0,0,0,0,0,0,0,0,0,0,0,0,0,41,11
4,Faroes,5283,510,371,5460,16483,9632,784,747,0,0,100,45,3,0,6,37,0,0,1,5,0,0,0,2,0,0,0,0,19,0,0,0,0,0,0,0,0,42,11
5,Faroes,4168,683,535,5758,15218,7684,1189,953,0,0,121,50,4,0,5,37,0,0,1,5,0,0,0,2,0,0,0,0,0,0,0,0,0,0,0,0,0,37,10
5,Faroes,3417,0,490,5714,15625,7716,1190,998,0,0,122,50,0,0,4,35,0,0,1,6,0,0,0,0,0,0,0,0,0,0,0,0,0,0,0,0,0,37,10
5,Faroes,4231,0,471,5727,15603,7693,1167,935,0,0,118,49,0,0,5,36,0,0,1,6,0,0,0,0,0,0,0,0,19,0,36,56,0,0,0,0,0,37,10
5,Faroes,3997,506,417,5450,16359,9789,1243,803,0,0,112,52,0,0,5,34,0,0,2,6,0,0,0,3,0,0,0,0,20,38,0,0,0,0,0,0,0,40,10
5,Faroes,4345,0,371,5507,16344,9761,1233,816,0,0,111,48,0,0,6,33,0,0,2,6,0,0,0,2,0,0,0,0,18,0,0,0,0,0,0,0,0,40,11
5,Faroes,0,0,541,5434,16722,9796,1254,753,0,0,107,50,0,0,4,33,0,0,2,6,0,0,0,0,0,0,0,0,23,28,0,53,0,0,0,0,0,39,11
7,Faroes,4008,590,369,5143,14457,7867,914,1355,0,0,111,51,0,0,3,41,0,0,1,5,0,0,0,3,0,0,0,0,0,0,0,58,0,0,0,0,0,39,10
7,Faroes,0,0,512,5180,14513,7829,892,1367,0,0,116,49,0,0,4,41,0,0,2,5,0,0,0,2,0,0,0,0,0,0,0,0,0,0,0,0,0,38,10
7,Faroes,4373,0,521,5164,14862,7900,940,1342,0,0,112,48,0,0,4,41,0,0,1,5,0,0,0,0,0,0,0,0,0,33,0,58,0,0,0,0,0,39,11
8,Faroes,4189,0,573,6505,18067,11716,663,181,0,0,93,52,3,0,6,33,0,0,1,5,0,0,0,2,0,0,0,0,0,0,0,0,0,0,0,0,0,44,12
8,Faroes,4209,0,498,6579,18336,11663,651,196,0,0,101,51,0,0,5,34,0,0,1,5,0,0,0,0,0,0,0,0,0,0,0,56,0,0,0,0,0,45,11
8,Faroes,0,0,468,6566,18039,11707,667,189,0,0,88,48,0,0,4,33,0,0,1,5,0,0,0,3,0,0,0,0,0,0,0,0,0,0,0,0,0,43,11
9,Faroes,5466,0,403,5700,16590,10281,677,736,0,0,93,58,4,0,4,37,0,0,1,5,0,0,0,2,0,0,0,0,0,0,0,0,0,0,0,0,0,38,10
9,Faroes,4888,0,426,5747,17013,10344,666,774,0,0,89,56,0,0,4,36,0,0,2,6,0,0,0,0,0,0,0,0,0,0,0,0,0,0,0,0,0,39,10
9,Faroes,0,0,402,5711,16686,10338,655,789,0,0,86,62,4,0,4,36,0,0,2,5,0,0,0,2,0,0,0,0,17,38,0,0,0,0,0,0,0,38,10
12,Faroes,0,0,364,7012,18779,13304,559,133,0,0,51,53,0,0,5,31,0,0,1,5,0,0,0,0,0,0,0,0,0,0,0,0,0,0,0,0,0,40,10
12,Faroes,0,494,373,7006,18586,13333,542,123,0,0,56,50,4,0,5,30,0,0,2,5,0,0,0,1,0,0,0,0,0,0,0,0,0,0,0,0,0,38,9
12,Faroes,4858,0,379,7047,18478,13321,554,115,0,0,55,55,3,0,5,31,0,0,2,4,0,0,0,2,0,0,0,0,22,0,0,0,0,0,0,0,0,38,10
13,Faroes,0,455,544,5276,14605,8734,1073,897,0,0,112,55,0,0,4,39,0,0,1,4,0,0,0,2,0,0,0,0,18,0,0,0,0,0,0,0,0,39,11
13,Faroes,0,538,536,5326,14960,8723,1083,907,0,0,115,57,0,0,4,39,0,0,1,3,0,0,0,0,0,0,0,0,0,0,0,0,0,0,0,0,0,39,11
13,Faroes,0,626,548,5359,14705,8757,1085,881,0,0,111,54,4,0,3,39,0,0,1,3,0,0,0,2,0,0,0,0,0,0,0,68,0,0,0,0,0,39,11
14,Faroes,0,0,456,5557,14248,7428,958,1097,0,0,136,44,4,0,3,37,0,0,2,6,0,0,0,2,0,0,0,0,0,0,0,0,0,0,0,0,0,42,11
14,Faroes,4934,511,427,5542,14556,7400,996,1132,0,0,125,48,0,0,5,38,0,0,1,6,0,0,0,0,0,0,0,0,0,0,0,0,0,0,0,0,0,41,11
14,Faroes,0,0,459,5542,14330,7463,989,1100,0,0,127,51,0,0,6,38,0,0,1,6,0,0,0,2,0,0,0,0,0,0,0,0,0,0,0,0,0,41,10
14,Faroes,3503,589,426,7185,17044,12739,521,126,0,0,73,46,0,0,4,29,0,0,1,5,0,0,0,2,0,0,0,0,0,0,0,0,81,0,0,0,0,38,11
14,Faroes,5084,0,540,7219,17056,12703,487,122,0,0,79,47,4,0,5,30,0,0,2,5,0,0,0,3,0,0,0,0,22,0,0,64,0,0,0,0,0,37,10
14,Faroes,0,0,544,7210,17045,12755,490,105,0,0,82,45,3,0,3,30,0,0,2,5,0,0,0,2,0,0,0,0,0,27,0,0,0,0,0,0,0,37,10
15,Faroes,0,0,356,7632,18616,13673,533,85,0,0,48,47,0,0,5,30,0,0,2,4,0,0,0,0,0,0,0,0,0,0,0,0,0,0,0,0,0,36,10
15,Faroes,4467,0,441,7666,18128,13608,528,109,0,0,53,48,3,0,5,31,0,0,1,4,0,0,0,2,0,0,0,0,22,0,39,61,0,0,0,0,0,37,10
15,Faroes,4930,0,430,7670,18694,13693,527,86,0,0,49,52,3,0,5,31,0,0,2,5,0,0,0,0,0,0,0,0,0,0,0,0,105,0,0,0,0,38,9
16,Faroes,4986,652,572,5094,13429,5361,1513,829,0,0,137,57,0,0,9,27,0,0,0,4,0,0,0,0,0,0,0,0,24,32,0,0,0,0,0,0,0,40,11
16,Faroes,0,692,679,5125,13452,5344,1510,819,0,0,145,62,0,0,7,27,0,0,1,4,0,0,0,0,0,0,0,0,0,0,0,0,0,0,0,0,0,41,11
16,Faroes,3601,605,692,5124,13527,5415,1490,824,0,0,138,61,0,0,8,28,0,0,1,4,0,0,0,0,0,0,0,0,0,0,0,0,0,0,0,0,0,42,11
17,Faroes,4237,0,464,5693,16919,9838,696,669,0,0,82,44,4,0,4,36,0,0,1,5,0,0,0,0,0,0,0,0,22,25,34,59,96,0,0,0,0,39,11
17,Faroes,4655,0,421,5715,16559,9838,691,748,0,0,81,45,5,0,5,36,0,0,2,5,0,0,0,2,0,0,0,0,19,0,0,0,0,0,0,0,0,40,10
17,Faroes,4312,627,455,5701,16529,9791,707,724,0,0,83,43,3,0,4,37,0,0,1,5,0,0,0,2,0,0,0,0,0,0,0,0,0,0,0,0,0,40,10
17,Faroes,6986,625,483,5834,13733,7992,1005,1130,0,0,124,55,5,0,6,38,0,0,1,5,0,0,0,3,0,0,0,0,24,29,0,0,0,0,0,0,0,41,11
17,Faroes,4939,0,522,5881,13727,8019,1019,1096,0,0,123,51,0,0,4,36,0,0,2,6,0,0,0,2,0,0,0,0,0,28,0,66,0,0,0,0,0,42,11
17,Faroes,5380,0,613,5900,13845,8043,1021,1122,0,0,119,49,4,0,4,36,0,0,2,6,0,0,0,2,0,0,0,0,0,0,36,60,0,0,0,0,0,42,10
18,Faroes,0,0,641,4079,11216,5014,1655,2095,0,0,164,55,0,0,5,42,0,0,1,6,0,0,0,2,0,0,0,0,22,0,0,63,80,0,0,0,0,44,11
18,Faroes,0,585,519,4067,11401,4993,1657,2077,0,0,159,58,4,0,3,42,0,0,1,6,0,0,0,0,0,0,0,0,0,0,0,0,72,0,0,0,0,42,12
18,Faroes,4950,677,642,4098,11221,5042,1665,2091,0,0,167,52,4,0,3,43,0,0,1,6,0,0,0,2,0,0,0,0,0,0,0,0,0,0,0,0,0,43,12
20,Faroes,4385,0,412,6608,17253,10590,699,92,0,0,67,44,0,0,6,30,0,0,1,5,0,0,0,0,0,0,0,0,0,0,0,0,0,0,0,0,0,36,10
20,Faroes,6570,0,387,6575,17034,10679,694,107,0,0,68,39,3,0,4,29,0,0,2,6,0,0,0,2,0,0,0,0,0,0,0,0,0,0,0,0,0,34,9
20,Faroes,5449,0,388,6578,17019,10629,687,90,0,0,71,40,4,0,5,29,0,0,1,5,0,0,0,2,0,0,0,0,0,0,0,0,0,0,0,0,0,35,9
21,Faroes,0,442,386,5308,14480,7146,1132,933,0,0,99,62,3,0,8,38,0,0,1,4,0,0,0,2,0,0,0,0,0,0,0,56,0,0,0,0,0,37,10
21,Faroes,4354,718,465,5319,14736,7194,1123,960,0,0,100,60,0,0,6,38,0,0,1,4,0,0,0,0,0,0,0,0,20,0,0,0,0,0,0,0,0,39,10
21,Faroes,4659,0,437,5308,14409,7186,1124,978,0,0,100,61,0,0,7,38,0,0,1,4,0,0,0,2,0,0,0,0,0,0,0,0,0,0,0,0,0,37,10
22,Faroes,6746,581,546,8076,16140,11012,1201,133,0,0,88,57,0,0,4,29,0,0,2,7,0,0,0,3,0,0,0,0,0,0,0,0,99,0,0,0,0,44,12
22,Faroes,4756,600,415,8135,16228,11034,1213,153,0,0,97,54,4,0,4,27,0,0,2,7,0,0,0,3,0,0,0,0,19,0,0,59,81,0,0,0,0,44,11
22,Faroes,4836,0,471,8047,16246,11107,1253,141,0,0,93,56,0,0,4,28,0,0,2,6,0,0,0,3,0,0,0,0,17,27,0,76,0,0,0,0,0,43,11
23,Faroes,4774,0,574,5369,14313,7192,1214,1100,0,0,124,50,0,0,4,37,0,0,2,5,0,0,0,2,0,0,0,0,0,0,0,0,0,0,0,0,0,36,10
23,Faroes,4614,636,475,5347,14571,7193,1203,1105,0,0,124,50,3,0,6,38,0,0,1,6,0,0,0,0,0,0,0,0,0,0,0,0,0,0,0,0,0,37,9
23,Faroes,6423,0,684,5334,14546,7173,1226,1112,0,0,124,46,0,0,4,38,0,0,1,6,0,0,0,0,0,0,0,0,0,0,0,0,0,0,0,0,0,36,10
23,Faroes,4088,507,565,5038,13631,6569,1321,1452,0,0,123,50,0,0,5,41,0,0,2,6,0,0,0,2,0,0,0,0,0,0,0,0,0,0,0,0,0,36,10
23,Faroes,5755,571,579,5011,13850,6470,1321,1428,0,0,130,53,4,0,5,40,0,0,2,6,0,0,0,0,0,0,0,0,0,0,0,0,0,0,0,0,0,36,10
23,Faroes,4650,595,608,4985,13838,6471,1354,1462,0,0,129,52,0,0,5,41,0,0,1,5,0,0,0,0,0,0,0,0,0,0,0,0,0,0,0,0,0,36,10
25,Faroes,4554,0,427,7265,18261,10066,650,363,0,0,70,55,0,0,4,36,0,0,2,5,0,0,0,2,0,0,0,0,0,0,41,61,0,0,0,0,0,35,10
25,Faroes,4561,0,342,7237,18165,10037,686,358,0,0,67,56,0,0,4,36,0,0,2,5,0,0,0,2,0,0,0,0,21,0,53,0,0,0,0,0,0,37,10
25,Faroes,4747,655,378,7252,18469,10058,638,340,0,0,70,56,0,0,4,35,0,0,1,5,0,0,0,0,0,0,0,0,0,0,0,0,76,0,0,0,0,36,10
27,Faroes,5962,0,368,7465,18328,9952,1326,260,0,0,61,46,0,0,6,32,0,0,2,7,0,0,0,2,0,0,0,0,22,33,38,58,90,0,0,0,0,35,10
27,Faroes,7185,0,382,7447,18169,9889,1338,246,0,0,64,44,0,0,5,32,0,0,2,7,0,0,0,2,0,0,0,0,0,26,0,0,0,0,0,0,0,37,9
27,Faroes,5925,524,367,7407,18208,9941,1365,280,0,0,64,43,0,0,5,31,0,0,2,7,0,0,0,2,0,0,0,0,0,0,0,0,0,0,0,0,0,34,9
29,Faroes,4791,0,409,7069,17356,9715,1040,321,0,0,82,52,0,0,6,32,0,0,2,6,0,0,0,2,0,0,0,0,0,0,0,0,0,0,0,0,0,38,10
29,Faroes,5208,489,392,7063,17349,9642,1023,336,0,0,83,50,4,0,6,31,0,0,2,6,0,0,0,2,0,0,0,0,21,31,0,0,0,0,0,0,0,36,10
29,Faroes,4976,0,482,7051,17264,9618,1006,324,0,0,85,47,0,0,6,31,0,0,2,6,0,0,0,2,0,0,0,0,0,0,0,0,0,0,0,0,0,38,10
30,Faroes,4354,824,388,6726,19610,10120,1003,123,0,0,84,47,0,0,8,29,0,0,2,5,0,0,0,2,0,0,0,0,19,31,0,0,0,0,0,0,0,36,11
30,Faroes,4259,0,365,6725,19752,10241,961,101,0,0,81,48,0,0,7,28,0,0,2,6,0,0,0,1,0,0,0,0,21,0,37,59,0,0,0,0,0,40,10
30,Faroes,3627,0,512,6687,20094,10235,972,131,0,0,82,46,0,0,6,30,0,0,2,6,0,0,0,0,0,0,0,0,0,0,42,0,79,0,0,0,0,38,10
31,Faroes,7264,0,412,6695,17631,9929,808,265,0,0,87,45,0,0,5,30,0,0,2,6,0,0,0,3,0,0,0,0,0,0,0,59,0,0,0,0,0,42,10
31,Faroes,6447,0,341,6718,17524,9878,790,258,0,0,79,44,4,0,5,31,0,0,1,6,0,0,0,2,0,0,0,0,0,0,0,0,0,0,0,0,0,39,11
31,Faroes,5014,493,464,6741,17540,9953,808,288,0,0,83,46,0,0,6,31,0,0,1,6,0,0,0,2,0,0,0,0,20,26,0,0,0,0,0,0,0,39,11
32,Faroes,4760,0,413,6821,17835,8514,1113,459,0,0,115,54,0,0,8,31,0,0,1,4,0,0,0,0,0,0,0,0,19,0,0,0,0,0,0,0,0,39,10
32,Faroes,4679,0,448,6857,17437,8540,1139,462,0,0,108,59,0,0,7,31,0,0,1,4,0,0,0,3,0,0,0,0,0,0,0,0,0,0,0,0,0,38,10
32,Faroes,5493,0,363,6880,17557,8614,1137,447,0,0,114,58,0,0,8,31,0,0,1,4,0,0,0,2,0,0,0,0,0,27,0,63,78,0,0,0,0,37,11
33,Faroes,4488,681,345,7235,17051,9898,1090,678,0,0,77,49,4,0,5,37,0,0,2,7,0,0,0,3,0,0,0,0,21,0,0,0,0,0,0,0,0,39,9
33,Faroes,6156,0,373,7265,17324,9822,1099,699,0,0,81,47,0,0,4,36,0,0,2,6,0,0,0,0,0,0,0,0,0,0,0,0,0,0,0,0,0,38,9
33,Faroes,6208,0,447,7191,17336,9931,1094,692,0,0,78,47,0,0,4,36,0,0,1,6,0,0,0,0,0,0,0,0,0,0,0,0,0,0,0,0,0,36,10
34,Faroes,4518,0,352,6772,17938,9712,845,468,0,0,76,54,0,0,4,32,0,0,2,6,0,0,0,2,0,0,0,0,19,0,0,0,0,0,0,0,0,37,9
34,Faroes,3707,638,314,6734,17946,9655,865,431,0,0,81,56,0,0,4,33,0,0,2,6,0,0,0,3,0,0,0,0,0,0,0,0,0,0,0,0,0,36,9
34,Faroes,5055,547,438,6785,17964,9701,840,417,0,0,81,54,0,0,6,33,0,0,2,6,0,0,0,1,0,0,0,0,0,0,0,0,0,0,0,0,0,35,10
35,Faroes,5383,617,373,7718,18066,9997,1087,192,0,0,78,55,0,0,4,32,0,0,2,6,0,0,0,2,0,0,0,0,0,0,0,0,0,0,0,0,0,37,10
35,Faroes,4628,0,402,7738,18148,10038,1071,173,0,0,83,54,3,0,4,34,0,0,2,6,0,0,0,2,0,0,0,0,0,0,34,0,0,0,0,0,0,37,11
35,Faroes,0,0,483,7741,18220,10018,1105,208,0,0,74,59,0,0,3,32,0,0,2,6,0,0,0,2,0,0,0,0,0,0,0,0,0,0,0,0,0,39,10
73,Irish,0,824,754,7318,10079,13583,1211,91,0,0,107,80,4,0,9,29,0,0,1,4,0,0,0,2,0,0,0,0,0,0,0,0,0,0,0,0,0,33,8
73,Irish,4634,821,644,7409,10001,13580,1178,87,0,0,106,81,0,0,6,29,0,0,2,4,0,0,0,3,0,0,0,0,29,0,0,0,0,0,0,0,0,33,7
73,Irish,3465,821,707,7394,10006,13538,1169,71,0,0,106,83,0,0,7,30,0,0,2,3,0,0,0,2,0,0,0,0,28,33,0,0,0,0,0,0,0,33,6
84,Irish,4187,574,518,7584,12092,14739,705,100,0,0,99,56,0,0,5,18,2,0,2,3,0,0,0,1,0,0,0,0,0,0,0,0,0,0,0,0,0,34,7
84,Irish,0,601,572,7528,12095,14688,733,85,0,0,108,55,3,0,7,20,2,0,1,4,0,0,0,2,0,0,0,0,31,32,0,0,0,0,0,0,0,34,6
84,Irish,0,520,548,7574,12077,14786,708,103,0,0,106,52,0,0,7,19,2,0,1,3,0,0,0,2,0,0,0,0,21,0,0,0,93,0,0,0,0,34,8
106,Irish,4333,859,626,7944,12318,14541,1056,87,0,0,98,63,0,0,5,23,1,0,2,4,0,0,0,3,0,0,0,0,0,0,0,88,132,0,0,0,0,34,7
106,Irish,5310,0,593,7967,12199,14553,1054,94,0,0,104,62,0,0,5,22,1,0,2,4,0,0,0,1,0,0,0,0,0,0,0,68,0,0,0,0,0,33,7
106,Irish,3284,601,646,7870,12180,14531,1035,93,0,0,100,62,3,0,6,23,1,0,1,4,0,0,0,2,0,0,0,0,0,0,0,0,0,0,0,0,0,34,7
120,North,0,0,262,10873,16692,26057,416,113,0,0,55,74,0,0,3,22,6,0,2,3,0,0,0,2,0,0,0,0,20,0,0,0,0,0,0,0,0,36,7
120,North,0,0,338,10832,16559,25880,441,93,0,0,56,81,0,0,4,23,5,0,2,3,0,0,0,3,0,0,0,0,0,0,0,0,0,0,0,0,0,35,7
120,North,3364,0,308,10798,16684,26055,446,95,0,0,59,76,4,0,5,24,6,0,2,3,0,0,0,3,0,0,0,0,0,0,0,0,0,0,0,0,0,36,7
141,North,4320,0,292,11753,18747,29230,557,257,0,0,96,77,0,0,6,31,5,0,2,5,0,0,0,3,0,0,0,0,0,0,0,0,0,0,0,0,0,42,10
141,North,0,0,298,11791,18831,29249,550,283,0,0,96,77,0,0,5,31,5,0,2,6,0,0,0,2,0,0,0,0,22,0,0,0,0,0,0,0,0,41,11
141,North,3588,0,255,11744,18781,29165,534,271,0,0,96,77,4,0,5,31,5,0,2,5,0,0,0,2,0,0,0,0,0,0,0,0,0,0,0,0,0,41,10
141,North,0,0,305,11361,18061,27912,539,235,0,0,98,81,4,0,5,31,5,0,2,5,0,0,0,6,0,0,0,0,0,28,0,0,0,0,0,0,0,39,10
141,North,3615,0,206,11474,18129,27989,592,230,0,0,94,77,0,0,5,31,4,0,2,6,0,0,0,5,0,0,0,0,0,28,49,86,0,0,0,0,0,40,10
141,North,0,0,347,11458,18093,27915,556,241,0,0,91,81,0,0,4,31,5,0,2,5,0,0,0,6,0,0,0,0,0,0,0,0,0,0,0,0,0,39,9
142,North,3837,0,248,12126,20015,32057,663,122,0,0,94,72,0,0,7,30,7,0,2,6,0,0,0,3,0,0,0,0,0,0,0,0,0,0,0,0,0,43,10
142,North,4284,0,329,12153,20072,32082,687,115,0,0,99,79,4,0,9,31,7,0,3,6,0,0,0,3,0,0,0,0,25,0,0,0,82,0,0,0,0,41,10
142,North,3402,0,296,12154,20091,32031,718,113,0,0,101,72,0,0,7,30,7,0,2,6,0,0,0,3,0,0,0,0,0,0,0,0,0,0,0,0,0,43,11
146,North,3564,655,260,12314,19718,27854,552,231,0,0,83,65,3,0,4,31,7,0,2,6,0,0,0,2,0,0,0,0,0,0,0,0,0,0,0,0,0,38,10
146,North,5402,623,216,12312,19737,27944,561,185,0,0,93,63,3,0,3,33,7,0,2,7,0,0,0,3,0,0,0,0,0,0,0,0,0,0,0,0,0,40,9
146,North,3257,0,188,12305,19718,27840,549,214,0,0,84,69,0,0,4,32,7,0,2,7,0,0,0,2,0,0,0,0,0,0,0,0,110,0,0,0,0,38,10
146,North,6142,0,193,12190,19564,27979,588,119,0,0,78,67,0,0,4,31,7,0,2,7,0,0,0,2,0,0,0,0,0,0,0,0,0,0,0,0,0,37,10
146,North,4934,0,283,12167,19493,27927,587,141,0,0,76,64,0,0,4,30,7,0,2,7,0,0,0,3,0,0,0,0,0,31,0,0,0,0,0,0,0,38,10
146,North,4080,716,396,12143,19914,27944,609,132,0,0,83,68,3,0,5,30,7,0,2,7,0,0,0,0,0,0,0,0,0,0,0,69,0,0,0,0,0,37,10
157,North,4894,0,265,12724,18612,30363,601,217,0,0,93,85,4,0,6,34,4,0,2,6,0,0,0,2,0,0,0,0,18,0,0,0,0,0,0,0,0,39,10
157,North,4969,0,256,12691,18528,30292,620,166,0,0,92,83,4,0,4,33,4,0,2,6,0,0,0,2,0,0,0,0,21,0,43,59,0,0,0,0,0,40,10
157,North,3618,0,225,12733,18586,30320,594,176,0,0,101,84,0,0,4,33,4,0,2,6,0,0,0,2,0,0,0,0,0,0,0,61,0,0,0,0,0,41,11
160,North,0,0,302,11290,18796,29462,536,274,0,0,79,55,4,0,32,33,4,0,2,5,0,0,0,2,0,0,0,0,0,0,43,83,89,0,0,0,0,41,10
160,North,4063,0,286,11336,19119,29423,565,260,0,0,80,58,0,0,31,34,5,0,2,6,0,0,0,0,0,0,0,0,0,0,0,0,0,0,0,0,0,40,10
160,North,3889,0,284,11363,18988,29361,565,265,0,0,80,55,0,0,32,33,5,0,2,5,0,0,0,0,0,0,0,0,0,0,0,0,0,0,0,0,0,39,10
160,North,0,0,229,11050,18072,28782,560,248,0,0,86,57,5,0,14,32,5,0,2,5,0,0,0,3,0,0,0,0,0,0,0,0,0,0,0,0,0,38,11
160,North,4900,0,281,11045,17948,28736,567,239,0,0,90,55,4,0,13,33,5,0,2,5,0,0,0,2,0,0,0,0,27,0,36,57,91,0,0,0,0,40,9
160,North,3658,0,328,11027,18443,28837,544,217,0,0,83,56,4,0,13,32,5,0,2,5,0,0,0,0,0,0,0,0,31,43,0,0,0,0,0,0,0,38,11
161,North,3121,0,317,11635,20195,28857,352,112,0,0,62,66,0,0,3,22,6,0,2,3,0,0,0,3,0,0,0,0,0,0,0,0,0,0,0,0,0,35,8
161,North,2851,0,309,11634,20243,28862,365,126,0,0,55,67,0,0,4,22,6,0,2,3,0,0,0,3,0,0,0,0,0,32,0,65,0,0,0,0,0,36,7
161,North,0,0,317,11690,20172,28938,351,123,0,0,53,68,0,0,5,23,6,0,2,3,0,0,0,3,0,0,0,0,0,0,0,70,102,0,0,0,0,35,7
181,North,0,0,277,10874,17294,25173,824,128,0,0,143,65,5,0,7,30,0,0,1,6,0,0,0,3,0,0,0,0,0,0,0,0,0,0,0,0,0,46,12
181,North,0,0,410,10945,17299,25008,768,119,0,0,132,67,3,0,6,30,0,0,2,6,0,0,0,2,0,0,0,0,19,30,40,0,0,0,0,0,0,44,12
181,North,3776,877,282,10984,17405,25121,781,140,0,0,128,69,0,0,6,29,0,0,1,5,0,0,0,3,0,0,0,0,0,0,0,0,92,0,0,1,0,45,12
182,North,4242,0,372,10130,16540,20893,813,510,0,0,123,68,0,0,5,33,0,0,2,5,0,0,0,2,2,0,0,0,0,0,0,0,87,0,0,0,0,41,11
182,North,4120,0,367,10172,16517,20955,797,516,0,0,113,68,4,0,6,32,0,0,2,5,0,0,0,2,0,0,0,0,0,0,0,0,0,0,0,0,0,43,12
182,North,0,0,369,10152,16558,20984,786,518,0,0,114,66,0,0,5,31,1,0,2,5,0,0,0,2,0,0,0,0,0,0,0,0,0,0,0,0,0,40,11
185,North,3574,0,302,12055,18718,27622,1280,190,0,0,88,65,0,0,5,24,1,0,1,4,0,0,0,2,0,0,0,0,0,0,0,0,0,0,0,0,0,40,11
185,North,3565,0,241,12011,19056,27613,1236,213,0,0,88,65,0,0,4,24,2,0,1,5,0,0,0,0,0,0,0,0,0,0,0,0,0,0,0,0,0,43,10
185,North,0,0,173,12064,18629,27584,1256,169,0,0,86,60,0,0,5,24,1,0,2,4,0,0,0,3,0,0,0,0,0,0,0,0,0,0,0,0,0,40,11
200,North,0,0,340,11421,18406,26588,1165,213,0,0,111,68,4,0,8,32,4,0,2,6,0,0,0,8,0,0,0,0,0,0,0,0,0,0,0,0,0,39,10
200,North,4296,0,283,11464,18431,26515,1190,238,0,0,113,66,0,0,9,31,4,0,2,6,0,0,0,7,0,0,0,0,0,30,0,0,0,0,0,0,0,39,10
200,North,5181,0,309,11459,18576,26650,1182,208,0,0,108,63,0,0,10,30,4,0,2,6,0,0,0,8,0,0,0,0,0,0,0,0,0,0,0,0,0,41,11
210,North,4454,0,322,10404,17221,23222,577,170,0,0,86,68,3,0,7,29,0,0,1,4,0,0,0,3,0,0,0,0,0,0,0,0,98,0,0,0,0,34,7
210,North,3546,0,298,10404,17267,23252,556,150,0,0,88,67,0,0,6,29,1,0,1,3,0,0,0,2,0,0,0,0,24,0,0,0,0,0,0,0,0,35,7
210,North,5140,0,321,10402,17345,23230,585,152,0,0,90,69,0,0,6,30,1,0,2,3,0,0,0,2,0,0,0,0,0,0,0,0,0,0,0,0,0,32,7
256,North,0,0,351,9377,12465,18893,523,1513,0,0,80,84,0,0,3,39,2,0,1,3,0,0,0,2,0,0,0,0,33,0,0,0,0,0,0,0,0,37,8
256,North,0,0,313,9393,12601,18937,515,1510,0,0,77,90,0,0,3,40,2,0,1,3,0,0,0,3,0,0,0,0,0,0,0,0,0,0,0,0,0,38,8
256,North,0,0,322,9395,12429,18827,503,1522,0,0,80,95,0,0,4,39,2,0,1,3,0,0,0,2,0,0,0,0,0,0,0,0,0,0,0,0,0,38,8
266,North,0,0,348,8327,13071,17104,772,1364,0,0,100,90,0,0,6,37,4,0,1,3,0,0,0,3,0,0,0,0,24,38,0,56,0,0,0,0,0,36,8
266,North,0,0,392,8350,13096,17138,786,1326,0,0,105,87,0,0,6,36,4,0,1,3,0,0,0,3,0,0,0,0,0,31,41,55,0,0,0,0,0,36,8
266,North,0,0,433,8418,13022,17099,798,1360,0,0,103,92,0,0,7,36,5,0,1,3,0,0,0,2,0,0,0,0,0,0,0,0,0,0,0,0,0,36,8
267,North,0,634,319,10980,19080,25980,552,179,0,0,93,78,0,0,5,24,1,0,1,4,0,0,0,0,0,0,0,0,23,0,49,0,0,0,0,0,0,43,10
267,North,0,0,414,10897,18670,25883,611,181,0,0,94,84,0,0,7,25,1,0,1,3,0,0,0,3,0,0,0,0,35,38,0,0,0,0,0,0,0,42,10
267,North,2993,679,306,10904,18788,25882,602,175,0,0,93,86,0,0,6,24,1,0,1,4,0,0,0,3,0,0,0,0,0,0,0,0,0,0,0,0,0,42,10
269,North,0,0,275,12699,19252,30703,3174,77,0,0,82,86,0,0,4,33,13,0,2,7,0,0,0,2,0,0,0,0,0,30,0,63,0,0,0,0,0,38,11
269,North,4283,0,298,12719,19404,30890,3049,104,0,0,80,92,0,0,5,34,12,0,2,7,0,0,0,2,0,0,0,0,0,0,0,68,0,0,0,0,0,39,10
269,North,4163,0,191,12709,19376,30884,3161,109,0,0,76,93,4,0,6,35,12,0,3,8,0,0,0,2,0,0,0,0,0,0,0,0,0,0,0,0,0,38,10
280,North,3651,0,405,9835,16465,21308,611,1900,0,0,95,58,0,0,2,44,3,0,1,4,0,0,0,2,0,0,0,0,0,0,0,0,0,0,0,0,0,40,10
280,North,2928,0,346,9863,16492,21360,605,1966,0,0,95,60,3,0,3,44,4,0,1,4,0,0,0,2,0,0,0,0,0,43,0,0,0,0,0,0,0,44,10
280,North,0,0,359,9747,16301,21311,594,1914,0,0,97,61,0,0,4,44,3,0,1,3,0,0,0,2,0,0,0,0,0,0,0,0,0,0,0,0,0,43,10
281,North,0,0,262,10685,18355,25429,469,525,0,0,77,60,0,0,4,32,8,0,1,4,0,0,0,2,0,0,0,0,21,0,0,0,0,0,0,0,0,40,11
281,North,3839,0,283,10645,18307,25384,431,497,0,0,79,67,0,0,3,32,8,0,1,4,0,0,0,2,0,0,0,0,26,0,0,0,0,0,0,0,0,41,10
281,North,0,0,238,10620,18381,25502,450,486,0,0,83,66,0,0,0,32,8,0,1,4,0,0,0,2,0,0,0,0,23,0,41,0,0,0,0,0,0,41,10
293,North,0,0,327,9970,15253,22599,817,412,0,0,61,70,4,0,4,29,6,0,2,3,0,0,0,4,0,0,0,0,21,0,0,62,0,0,0,0,0,33,6
293,North,0,0,303,10018,15190,22569,827,409,0,0,59,72,0,0,3,29,6,0,2,3,0,0,0,3,0,0,0,0,0,29,0,0,0,0,0,0,0,33,7
293,North,3119,0,403,10001,15341,22721,814,385,0,0,59,69,4,0,4,29,7,0,2,3,0,0,0,3,0,0,0,0,0,0,0,0,0,0,0,0,0,35,7
304,North,6166,0,249,10980,17473,23645,414,96,0,0,66,54,0,0,3,24,4,0,2,3,0,0,0,2,0,0,0,0,0,0,0,0,85,0,0,0,0,32,7
304,North,6357,0,249,11058,17529,23752,421,125,0,0,63,55,0,0,5,23,4,0,2,3,0,0,0,2,0,0,0,0,24,0,0,0,0,0,0,0,0,32,7
304,North,4187,602,291,10983,17569,23706,432,103,0,0,65,54,3,0,6,24,4,0,1,3,0,0,0,2,0,0,0,0,0,0,0,0,0,0,0,0,0,33,7
305,North,5853,0,349,12107,19466,27059,534,162,0,0,77,59,0,0,21,33,6,0,2,5,0,0,0,6,0,0,0,0,0,0,0,75,0,0,0,0,0,36,9
305,North,4947,0,363,12128,19453,27038,524,200,0,0,81,60,0,0,21,33,6,0,2,5,0,0,0,6,0,0,0,0,26,28,49,0,0,0,0,0,0,37,9
305,North,3546,660,225,12126,19426,27068,526,206,0,0,87,63,0,0,21,33,6,0,2,5,0,0,0,6,0,0,0,0,0,0,0,0,0,0,0,0,0,35,10
306,North,0,0,418,10107,17286,23516,784,148,0,0,75,63,4,0,5,22,6,0,2,3,0,0,0,2,0,0,0,0,0,0,0,0,0,0,0,0,0,38,7
306,North,3491,0,258,10105,17194,23548,807,112,0,0,78,60,0,0,5,22,6,0,2,3,0,0,0,2,0,0,0,0,0,0,0,0,0,0,0,0,0,36,7
306,North,5755,0,282,10039,17275,23520,785,154,0,0,68,66,6,0,4,21,6,0,1,3,0,0,0,2,0,0,0,0,0,0,0,0,0,0,0,0,0,36,7
315,North,4206,845,235,9931,17335,23235,450,131,0,0,74,82,0,0,2,23,11,0,1,3,0,0,0,3,0,0,0,0,0,0,0,0,0,0,0,0,0,36,7
315,North,4934,815,273,10044,17401,23275,478,158,0,0,79,79,3,0,4,24,11,0,1,3,0,0,0,2,0,0,0,0,22,30,45,0,0,0,0,0,0,37,7
315,North,0,910,317,9980,17385,23292,497,109,0,0,76,81,4,0,4,24,10,0,1,3,0,0,0,2,0,0,0,0,0,0,0,0,0,0,0,0,0,34,8
316,North,0,0,250,11838,20403,27604,960,120,0,0,69,88,0,0,9,34,21,0,2,6,0,0,0,2,0,0,0,0,0,0,0,58,0,0,0,0,0,40,10
316,North,4871,0,165,11958,20397,27837,955,85,0,0,71,84,0,0,9,35,21,0,2,6,0,0,0,3,0,0,0,0,23,0,0,75,0,0,0,0,0,39,10
316,North,4010,0,248,11891,20399,27754,947,100,0,0,77,84,0,0,11,35,21,0,2,6,0,0,0,2,0,0,0,0,26,31,0,72,0,0,0,0,0,41,10
355,North,3268,0,635,10262,17058,24048,928,135,0,0,67,97,0,0,3,22,3,0,2,4,0,0,0,2,0,0,0,0,30,28,0,89,90,0,0,0,0,36,8
355,North,4803,632,694,10283,16999,24028,910,121,0,0,73,98,0,0,3,21,3,0,1,3,0,0,0,2,0,0,0,0,21,0,0,0,0,0,0,0,0,34,8
355,North,2912,0,655,10218,17103,24010,946,121,0,0,67,99,0,0,3,20,4,0,2,4,0,0,0,2,0,0,0,0,0,0,41,0,0,0,0,0,0,37,7
356,North,0,0,286,12629,18591,26659,4547,139,0,0,91,54,0,0,5,29,4,0,2,7,0,0,0,2,0,0,0,0,0,0,0,0,0,0,0,0,0,40,11
356,North,4513,0,240,12737,18891,26662,4576,138,0,0,91,60,0,0,5,29,5,0,2,7,0,0,0,0,0,0,0,0,19,0,0,0,0,0,0,0,0,40,10
356,North,5337,0,263,12734,18457,26719,4572,144,0,0,86,56,0,0,6,30,4,0,2,7,0,0,0,3,0,0,0,0,0,0,0,0,0,0,0,0,0,41,10
366,North,4738,0,319,10675,15764,26258,464,117,0,0,53,58,3,0,3,22,6,0,2,3,0,0,0,3,0,0,0,0,0,0,0,0,0,0,0,0,0,32,6
366,North,3155,0,145,10697,15658,26272,468,105,0,0,57,58,0,0,3,21,6,0,2,3,0,0,0,3,0,0,0,0,0,30,0,60,0,0,0,0,0,32,7
366,North,3038,0,222,10715,15701,26171,460,117,0,0,58,58,0,0,2,23,6,0,2,3,0,0,0,2,0,0,0,0,0,0,0,0,0,0,0,0,0,31,6
367,North,2824,518,303,10352,15730,24820,616,146,0,0,58,54,0,0,7,25,4,0,2,3,0,0,0,3,0,0,0,0,0,39,0,0,0,0,0,0,0,36,7
367,North,3561,0,364,10399,15748,24865,594,151,0,0,57,55,4,0,9,23,4,0,2,3,0,0,0,2,0,0,0,0,0,0,0,0,0,0,0,0,0,32,7
367,North,3046,548,333,10396,15810,24911,626,153,0,0,63,54,0,0,7,23,4,0,2,3,0,0,0,2,0,0,0,0,22,0,0,0,0,0,0,0,0,33,6
368,North,0,0,358,11324,17320,28447,474,513,0,0,89,69,0,0,4,34,1,0,2,6,0,0,0,2,0,0,0,0,0,0,0,0,0,0,0,0,0,42,10
368,North,3941,0,330,11381,17136,28385,486,502,0,0,91,61,0,0,5,34,2,0,2,6,0,0,0,2,0,0,0,0,28,30,0,0,0,0,0,0,0,41,11
368,North,4400,0,348,11351,17326,28361,481,474,0,0,93,67,3,0,3,33,2,0,2,6,0,0,0,2,0,0,0,0,20,0,0,0,0,0,0,0,0,40,11
369,North,4010,0,222,11499,17739,28390,373,108,0,0,53,52,4,0,4,23,5,0,2,3,0,0,0,4,0,0,0,0,32,37,0,0,0,0,0,0,0,34,7
369,North,3938,0,269,11544,17756,28418,393,125,0,0,52,53,3,0,5,24,6,0,2,3,0,0,0,2,0,0,0,0,0,34,0,61,0,0,0,0,0,34,6
369,North,3279,0,323,11513,17961,28551,390,88,0,0,55,55,3,0,4,23,6,0,2,3,0,0,0,2,0,0,0,0,22,0,0,0,0,0,0,0,0,33,7
377,North,3738,0,335,10722,18113,24510,570,101,0,0,65,62,0,0,3,23,9,0,2,3,0,0,0,2,0,0,0,0,20,0,0,0,0,0,0,0,0,34,7
377,North,4972,0,248,10747,18110,24503,570,106,0,0,67,65,0,0,3,21,8,0,2,3,0,0,0,2,0,0,0,0,0,0,0,0,0,0,0,0,0,33,7
377,North,4965,0,234,10800,18061,24528,538,95,0,0,64,63,0,0,2,23,8,0,2,3,0,0,0,2,0,0,0,0,0,0,0,0,113,0,0,0,0,34,7
379,North,5651,0,415,8549,14514,20012,1101,1328,0,0,83,64,0,0,5,38,2,0,1,4,0,0,0,0,0,0,0,0,0,0,0,59,0,0,0,0,0,43,11
379,North,0,0,451,8583,14229,20041,1117,1352,0,0,81,62,0,0,5,39,2,0,2,4,0,0,0,2,0,0,0,0,23,0,0,0,79,0,0,0,0,44,10
379,North,4693,0,401,8616,14595,20108,1102,1320,0,0,81,64,0,0,5,39,3,0,1,4,0,0,0,0,0,0,0,0,0,32,0,62,0,0,0,0,0,44,10
381,North,3746,0,417,10725,17071,24347,972,293,0,0,92,54,0,0,3,23,4,0,1,4,0,0,0,0,0,0,0,0,0,30,0,0,0,0,0,0,0,41,11
381,North,4336,0,403,10741,16806,24332,961,258,0,0,91,56,4,0,3,24,4,0,1,4,0,0,0,2,0,0,0,0,22,48,40,0,0,0,0,0,0,41,11
381,North,3405,0,356,10673,16759,24365,941,275,0,0,91,54,4,0,4,24,4,0,2,4,0,0,0,3,0,0,0,0,0,33,0,0,0,0,0,0,0,40,10
381,North,3292,572,383,8132,12276,15624,698,2099,0,0,93,69,0,0,0,41,1,0,1,3,0,0,0,3,0,0,0,0,0,0,0,0,105,0,0,0,0,35,7
381,North,3558,0,438,8087,12279,15525,669,2132,0,0,99,69,0,0,2,40,1,0,1,3,0,0,0,3,0,0,0,0,0,0,0,0,0,0,0,0,0,35,7
381,North,2802,0,385,8048,12293,15622,674,2102,0,0,96,69,0,0,2,41,1,0,1,3,0,0,0,2,0,0,0,0,39,42,0,0,116,0,0,0,0,34,8
393,North,5515,0,219,10826,18843,24835,738,111,0,0,55,56,0,0,10,24,15,0,3,3,0,0,0,4,0,0,0,0,23,34,0,0,0,0,0,0,0,32,6
393,North,4080,0,243,10792,18900,24875,718,106,0,0,53,53,0,0,10,24,15,0,2,3,0,0,0,2,0,0,0,0,0,0,0,0,87,0,0,0,0,33,7
393,North,4868,601,313,10847,18856,24835,725,106,0,0,50,54,0,0,11,24,15,0,2,3,0,0,0,3,0,0,0,0,0,29,0,0,0,0,0,0,0,33,6
394,North,3926,0,262,11447,18774,26763,653,240,0,0,64,45,4,0,5,26,22,0,2,3,0,0,0,2,0,0,0,0,26,34,0,0,0,0,0,0,0,37,9
394,North,5232,0,286,11317,18721,26786,634,241,0,0,57,44,0,0,4,28,22,0,2,4,0,0,0,2,0,0,0,0,0,0,0,0,0,0,0,0,0,39,8
394,North,5033,863,287,11424,18798,26738,627,228,0,0,57,47,4,0,5,28,22,0,2,3,0,0,0,3,0,0,0,0,0,0,0,0,0,0,0,0,0,40,8
403,North,0,0,260,11897,15583,28692,400,119,0,0,78,67,0,0,3,30,10,0,2,5,0,0,0,2,0,0,0,0,19,0,0,79,91,0,0,0,0,37,10
403,North,0,0,199,11732,15548,28592,375,111,0,0,79,64,0,0,4,28,10,0,2,5,0,0,0,2,0,0,0,0,19,0,0,0,0,0,0,0,0,39,10
403,North,5690,0,278,11899,15601,28636,414,143,0,0,73,65,3,0,3,30,9,0,2,6,0,0,0,2,0,0,0,0,0,0,0,0,0,0,0,0,0,38,10
405,North,5491,0,283,11328,16530,26320,502,101,0,0,54,82,3,0,4,20,12,0,3,4,0,0,0,3,0,0,0,0,0,0,0,67,124,0,0,0,0,32,6
405,North,0,0,223,11295,16477,26286,506,114,0,0,60,82,0,0,5,21,12,0,2,4,0,0,0,2,0,0,0,0,0,29,0,69,132,0,0,0,0,34,7
405,North,4124,0,263,11398,16553,26336,515,112,0,0,61,82,0,0,4,19,12,0,2,4,0,0,0,3,0,0,0,0,30,31,61,79,88,0,0,0,0,33,6
406,North,4090,0,333,11817,19369,28183,481,198,0,0,90,171,0,0,49,63,11,0,2,5,0,0,0,2,0,0,0,0,19,0,0,0,0,0,0,0,0,39,11
406,North,5004,0,365,11741,19174,28101,463,231,0,0,87,174,0,0,51,64,11,0,2,6,0,0,0,2,0,0,0,0,0,0,0,0,0,0,0,0,0,39,10
406,North,4950,0,303,11767,19619,28139,483,200,0,0,88,170,0,0,51,63,11,0,2,6,0,0,0,0,0,0,0,0,0,0,0,0,0,0,0,0,0,39,11
406,North,3700,0,303,10819,17878,25434,507,518,0,0,90,168,0,0,42,62,9,0,2,5,0,0,0,6,0,0,0,0,24,41,0,62,0,0,0,0,0,40,10
406,North,3570,0,247,10798,17892,25393,481,532,0,0,82,168,4,0,44,62,9,0,2,6,0,0,0,6,0,0,0,0,0,0,0,0,0,0,0,1,0,39,9
406,North,0,0,340,10753,17859,25420,496,511,0,0,85,162,4,0,44,63,10,0,2,6,0,0,0,7,0,0,0,0,0,0,36,57,105,0,0,0,0,40,9
415,North,3593,0,271,10420,16907,25709,530,119,0,0,55,60,3,0,4,25,9,0,2,3,0,0,0,2,0,0,0,0,33,37,0,70,0,0,0,0,0,33,7
415,North,2952,0,280,10430,17071,25765,529,109,0,0,59,58,4,0,4,25,9,0,2,4,0,0,0,2,0,0,0,0,0,0,0,0,0,0,0,0,0,32,7
415,North,2724,0,243,10496,16962,25609,534,127,0,0,56,54,3,0,5,26,9,0,2,3,0,0,0,3,0,0,0,0,0,0,0,0,0,0,0,0,0,34,6
428,North,3695,600,454,7122,10686,12332,988,2521,0,0,98,98,0,0,3,42,0,0,1,3,0,0,0,2,0,0,0,0,25,32,0,0,89,0,0,0,0,40,8
428,North,0,0,428,7071,10739,12282,999,2461,0,0,102,101,0,0,3,42,0,0,1,3,0,0,0,2,0,0,0,0,22,31,40,63,0,0,0,0,0,38,7
428,North,0,0,443,7141,10745,12280,988,2465,0,0,96,96,0,0,3,43,0,0,1,3,0,0,0,3,0,0,0,0,0,0,0,0,92,0,0,0,0,39,8
453,North,3446,0,390,10113,18445,25432,408,496,0,0,87,60,0,0,6,30,2,0,1,3,0,0,0,3,0,0,0,0,0,0,0,0,0,0,0,0,0,44,11
453,North,3286,0,308,10077,18320,25361,402,475,0,0,82,56,0,0,4,28,2,0,2,3,0,0,0,2,0,0,0,0,0,30,0,0,0,0,0,0,0,43,11
453,North,0,0,349,10131,18404,25372,415,504,0,0,91,54,0,0,4,28,1,0,1,4,0,0,0,3,0,0,0,0,20,0,0,0,0,0,0,0,0,45,10
469,North,0,0,379,9214,13772,21230,846,552,0,0,68,82,4,0,4,28,5,0,1,4,0,0,0,0,0,0,0,0,24,0,0,63,0,0,0,0,0,39,10
469,North,3769,0,419,9230,13486,21256,860,535,0,0,68,80,0,0,4,28,5,0,2,4,0,0,0,3,0,0,0,0,0,0,0,0,0,0,0,0,0,41,8
469,North,4346,0,392,9207,13420,21227,833,559,0,0,75,81,0,0,3,27,5,0,2,3,0,0,0,4,0,0,0,0,0,0,0,0,0,0,0,0,0,39,9
472,North,4320,0,297,9811,14862,24318,504,147,0,0,72,55,3,0,4,21,8,0,1,3,0,0,0,3,0,0,0,0,0,0,0,0,93,0,0,0,0,33,7
472,North,3643,0,354,9825,14836,24324,509,158,0,0,75,55,0,0,3,20,9,0,1,3,0,0,0,2,0,0,0,0,0,0,0,0,83,0,0,0,0,34,7
472,North,3246,0,386,9757,14927,24359,500,132,0,0,73,61,3,0,4,21,8,0,2,3,0,0,0,3,0,0,0,0,26,0,0,0,0,0,0,0,0,34,8
473,North,0,0,305,10135,15441,25549,723,121,0,0,57,70,0,0,5,21,11,0,2,4,0,0,0,2,0,0,0,0,0,29,0,81,0,0,0,0,0,34,7
473,North,3517,0,272,10140,15469,25539,690,107,0,0,59,71,0,0,5,21,12,0,2,3,0,0,0,2,0,0,0,0,0,0,0,0,0,0,0,0,0,32,7
473,North,3293,0,269,10247,15534,25645,714,91,0,0,63,70,0,0,4,20,12,0,2,4,0,0,0,3,0,0,0,0,0,0,0,0,0,0,0,0,0,34,7
493,North,3720,0,247,11469,19635,28998,743,121,0,0,64,58,0,0,3,29,7,0,2,5,0,0,0,2,0,0,0,0,0,0,0,0,0,0,0,0,0,39,10
493,North,4232,0,296,11560,19680,28957,740,98,0,0,72,57,0,0,4,29,7,0,2,5,0,0,0,3,0,0,0,0,0,0,0,0,0,0,0,0,0,38,9
493,North,3435,0,224,11582,19628,29094,772,92,0,0,71,60,0,0,2,29,7,0,3,5,0,0,0,3,0,0,0,0,0,0,0,60,107,0,0,0,0,39,10
493,North,4168,0,304,11230,18765,28181,734,81,0,0,69,56,0,0,3,29,7,0,2,6,0,0,0,7,0,0,0,0,21,0,0,0,0,0,0,0,0,37,9
493,North,4304,0,164,11119,18742,28074,764,75,0,0,71,61,4,0,4,28,7,0,2,6,0,0,0,6,0,0,0,0,0,0,0,0,0,0,0,0,0,37,9
493,North,4461,0,263,11167,18832,28132,748,72,0,0,71,54,0,0,3,28,7,0,3,5,0,0,0,6,0,0,0,0,20,0,0,0,0,0,0,0,0,37,9
504,North,0,0,250,11117,19650,27528,602,382,0,0,108,61,0,0,7,33,2,0,2,6,0,0,0,2,0,0,0,0,23,0,0,70,109,0,0,0,0,40,11
504,North,0,0,298,10992,19992,27495,575,356,0,0,108,67,0,0,6,33,2,0,2,5,0,0,0,0,0,0,0,0,0,0,0,0,0,0,0,0,0,41,11
504,North,0,0,344,11109,19644,27523,594,385,0,0,102,66,0,0,5,32,2,0,2,5,0,0,0,3,0,0,0,0,0,0,0,0,0,0,0,0,0,43,11
505,North,4875,0,308,10566,17922,25477,532,135,0,0,76,55,4,0,4,22,4,0,2,4,0,0,0,3,0,0,0,0,26,0,0,0,0,0,0,0,0,34,7
505,North,3835,0,308,10601,17870,25491,510,140,0,0,73,57,3,0,4,20,3,0,2,3,0,0,0,3,0,0,0,0,31,39,0,72,0,0,0,0,0,35,7
505,North,4099,0,224,10569,17788,25423,499,113,0,0,68,58,5,0,4,21,3,0,1,3,0,0,0,2,0,0,0,0,0,0,0,0,0,0,0,0,0,33,8
507,North,4369,0,239,12223,19856,29464,798,198,0,0,67,75,0,0,6,28,5,0,1,4,0,0,0,0,0,0,0,0,20,0,0,0,0,0,0,0,0,40,10
507,North,0,0,268,12199,19731,29457,801,217,0,0,64,77,0,0,6,27,5,0,2,4,0,0,0,0,0,0,0,0,0,0,0,0,0,0,0,0,0,40,9
507,North,4226,0,334,12304,19304,29348,809,206,0,0,68,71,4,0,8,27,5,0,1,4,0,0,0,2,0,0,0,0,0,0,0,0,0,0,0,0,0,37,10
526,Baltic,4468,740,594,9629,12828,15169,1376,1070,0,0,105,65,0,0,11,50,0,0,4,5,0,0,0,2,0,0,0,0,0,0,0,0,0,0,0,2,0,38,10
526,Baltic,0,774,509,9648,12732,15124,1396,1058,0,0,101,61,0,0,10,51,0,0,3,5,0,0,0,0,0,0,0,0,0,0,0,56,0,0,0,2,0,38,10
526,Baltic,0,937,562,9724,12889,15194,1428,1022,0,0,102,63,0,0,10,50,0,0,3,6,0,0,0,2,0,0,0,0,18,0,0,0,0,0,0,3,0,39,10
530,Baltic,3612,653,574,7334,10787,11880,2274,1651,0,0,122,110,0,0,9,36,0,0,1,5,0,0,0,0,0,0,0,0,0,0,0,0,0,0,0,0,0,38,10
530,Baltic,0,910,651,7334,10663,11855,2268,1669,0,0,122,106,0,0,8,35,0,0,1,5,0,0,0,2,0,0,0,0,0,29,0,54,0,0,0,0,0,39,10
530,Baltic,0,656,654,7436,10778,11850,2259,1697,0,0,125,110,0,0,7,36,0,0,1,4,0,0,0,2,0,0,0,0,28,0,0,0,0,0,0,0,0,41,11
532,Baltic,4642,609,645,8935,10197,15076,1099,103,0,0,111,96,0,0,8,19,0,0,2,4,0,0,0,2,0,0,0,0,33,0,0,0,100,0,0,0,0,34,6
532,Baltic,2813,613,599,8928,10215,15183,1108,109,0,0,109,96,0,0,7,19,0,0,1,4,0,0,0,3,0,0,0,0,25,0,0,70,0,0,0,0,0,34,7
532,Baltic,3286,783,520,8991,10309,15151,1111,110,0,0,112,97,0,0,6,19,0,0,2,4,0,0,0,3,0,0,0,0,0,0,0,0,95,0,0,0,0,34,7
535,Baltic,2832,520,374,10542,12194,19295,803,87,0,0,104,39,0,0,6,18,0,0,1,3,0,0,0,3,0,0,0,0,23,0,0,0,0,0,0,0,0,33,6
535,Baltic,4126,604,396,10577,12168,19323,769,73,0,0,99,41,3,0,4,18,0,0,2,4,0,0,0,2,0,0,0,0,23,0,0,0,0,0,0,0,0,31,7
535,Baltic,4218,0,362,10424,12287,19318,799,81,0,0,101,42,0,0,4,17,0,0,2,4,0,0,0,2,0,0,0,0,23,0,0,0,0,0,0,0,0,32,6
538,Baltic,0,0,426,11303,14262,22429,767,86,0,0,100,62,0,0,7,18,0,0,2,4,0,0,0,3,0,0,0,0,0,0,0,0,0,0,0,0,0,32,7
538,Baltic,4089,0,413,11262,14206,22356,766,77,0,0,91,59,0,0,5,17,0,0,2,3,0,0,0,4,0,0,0,0,34,0,0,74,115,0,0,0,0,32,7
538,Baltic,5560,0,351,11274,14157,22365,750,62,0,0,102,61,3,0,6,19,0,0,2,3,0,0,0,2,0,0,0,0,23,0,0,0,0,0,0,0,0,30,7
538,Baltic,0,0,331,10709,13591,22104,731,78,0,0,93,58,0,0,5,18,0,0,1,4,0,0,0,1,0,0,0,0,35,0,0,0,0,0,0,0,0,33,7
538,Baltic,0,759,342,10719,13694,22121,747,75,0,0,87,57,0,0,5,18,0,0,2,4,0,0,0,1,0,0,0,0,29,0,0,0,0,0,0,0,0,32,7
538,Baltic,4370,0,377,10769,13665,22144,733,79,0,0,91,62,3,0,6,18,0,0,2,3,0,0,0,3,0,0,0,0,29,0,0,66,0,0,0,0,0,32,7
540,Baltic,4206,641,339,10009,14381,21733,558,84,0,0,86,36,0,0,4,17,0,0,2,3,0,0,0,3,0,0,0,0,24,35,0,0,0,0,0,0,0,32,6
540,Baltic,4005,0,374,9961,14415,21707,554,79,0,0,90,39,4,0,3,16,0,0,2,3,0,0,0,2,0,0,0,0,22,0,0,0,0,0,0,0,0,33,6
540,Baltic,4622,657,331,9962,14422,21760,568,79,0,0,90,39,0,0,4,17,0,0,1,3,0,0,0,2,0,0,0,0,40,33,0,0,0,0,0,0,0,31,7
541,Baltic,3943,528,254,9939,13188,20916,672,92,0,0,87,47,0,0,8,18,0,0,2,3,0,0,0,3,0,0,0,0,24,0,0,0,0,0,0,0,0,32,6
541,Baltic,3461,0,357,10039,13285,20967,637,65,0,0,88,48,0,0,9,19,0,0,1,3,0,0,0,2,0,0,0,0,0,0,0,0,0,0,0,0,0,33,7
541,Baltic,3624,0,379,10027,13354,20935,639,86,0,0,87,48,4,0,8,18,0,0,2,4,0,0,0,2,0,0,0,0,31,0,0,0,0,0,0,0,0,34,7
541,Baltic,5020,553,376,9764,13347,21347,656,83,0,0,75,44,0,0,9,19,0,0,2,3,0,0,0,2,0,0,0,0,22,32,0,0,0,0,0,0,0,31,6
541,Baltic,2796,0,348,9790,13363,21351,661,76,0,0,83,47,4,0,9,19,0,0,2,3,0,0,0,3,0,0,0,0,0,0,0,0,0,0,0,0,0,32,6
541,Baltic,2899,0,290,9854,13254,21325,645,99,0,0,87,45,0,0,9,18,0,0,2,3,0,0,0,2,0,0,0,0,22,0,0,0,0,0,0,0,0,31,6
542,Baltic,4956,0,299,10979,13337,23562,462,96,0,0,86,43,4,0,5,17,0,0,2,3,0,0,0,2,0,0,0,0,0,0,0,0,100,0,0,0,0,36,7
542,Baltic,5435,0,368,10992,13312,23516,476,91,0,0,86,42,3,0,5,16,0,0,2,3,0,0,0,3,0,0,0,0,26,0,0,0,0,0,0,0,0,35,6
542,Baltic,4387,0,354,11003,13324,23563,482,91,0,0,90,44,4,0,5,17,0,0,2,4,0,0,0,4,0,0,0,0,31,0,0,0,0,0,0,0,0,36,6
543,Baltic,4675,0,444,10619,15353,16934,1700,931,0,0,125,80,0,0,14,59,0,0,1,5,0,0,0,0,0,0,0,0,21,0,0,0,85,0,0,0,0,36,10
543,Baltic,3680,569,513,10681,15146,16993,1728,925,0,0,127,73,0,0,15,59,0,0,1,4,0,0,0,2,0,0,0,0,19,0,0,0,0,0,0,0,0,37,10
543,Baltic,3718,513,472,10727,15127,17035,1729,928,0,0,131,73,0,0,14,59,0,0,1,4,0,0,0,2,0,0,0,0,23,0,45,70,78,0,0,0,0,36,11
544,Baltic,2647,676,458,8891,15852,16740,1255,92,0,0,103,109,0,0,7,21,0,0,2,4,0,0,0,2,0,0,0,0,0,0,0,0,0,0,0,0,0,34,8
544,Baltic,3931,567,534,8859,15961,16757,1251,101,0,0,105,108,0,0,7,21,0,0,1,4,0,0,0,2,0,0,0,0,25,45,0,71,97,0,0,0,0,35,7
544,Baltic,0,574,393,8889,15937,16775,1240,97,0,0,105,112,0,0,7,21,0,0,1,4,0,0,0,3,0,0,0,0,28,42,0,0,0,0,0,0,0,33,7
545,Baltic,3417,0,310,11701,13857,21590,2310,79,0,0,91,137,0,0,8,22,0,0,2,4,0,0,0,2,0,0,0,0,25,36,0,0,0,0,0,0,0,32,6
545,Baltic,3335,0,287,11704,13818,21509,2320,81,0,0,88,139,0,0,7,20,0,0,1,4,0,0,0,3,0,0,0,0,0,0,0,0,0,0,0,0,0,32,6
545,Baltic,3516,0,392,11685,13859,21545,2284,87,0,0,92,135,0,0,6,21,0,0,2,4,0,0,0,2,0,0,0,0,24,34,0,0,0,0,0,0,0,31,6
548,Baltic,2811,0,401,10911,14670,21891,778,107,0,0,89,43,0,0,6,18,0,0,2,4,0,0,0,3,0,0,0,0,0,0,0,0,0,0,0,0,0,34,7
548,Baltic,2988,664,368,10942,14639,21872,774,102,0,0,90,39,0,0,4,18,0,0,1,3,0,0,0,2,0,0,0,0,0,0,0,0,0,0,0,0,0,35,7
548,Baltic,2596,0,307,10861,14662,21954,763,82,0,0,96,41,0,0,5,17,0,0,2,3,0,0,0,3,0,0,0,0,0,0,0,0,94,0,0,0,0,33,7
550,Baltic,2997,0,290,11383,14715,21180,1538,96,0,0,88,45,3,0,4,17,0,0,1,4,0,0,0,3,0,0,0,0,0,0,0,0,0,0,0,0,0,33,6
550,Baltic,3795,0,341,11346,14844,21134,1554,107,0,0,92,43,4,0,5,18,0,0,2,4,0,0,0,2,0,0,0,0,0,0,0,0,0,0,0,0,0,33,7
550,Baltic,0,0,318,11397,14803,21124,1511,87,0,0,89,42,0,0,5,18,0,0,2,4,0,0,0,3,0,0,0,0,24,0,0,0,0,0,0,0,0,33,6
551,Baltic,4128,0,415,10584,13849,22430,425,91,0,0,83,40,4,0,5,18,0,0,2,3,0,0,0,2,0,0,0,0,27,0,0,0,0,0,0,0,0,34,7
551,Baltic,3740,744,389,10569,13776,22413,420,100,0,0,86,40,4,0,4,18,0,0,1,3,0,0,0,2,0,0,0,0,0,0,0,0,0,0,0,0,0,35,7
551,Baltic,5738,0,295,10576,13835,22414,438,90,0,0,82,37,3,0,4,17,0,0,1,3,0,0,0,2,0,0,0,0,0,0,0,0,101,0,0,0,0,34,7
552,Baltic,6248,558,297,10138,13730,19871,771,108,0,0,96,36,4,0,6,16,0,0,1,3,0,0,0,1,0,0,0,0,23,0,0,0,0,0,0,0,0,34,7
552,Baltic,4122,0,369,10163,13661,19760,764,97,0,0,92,30,0,0,5,16,0,0,2,3,0,0,0,2,0,0,0,0,22,0,0,0,0,0,0,0,0,34,6
552,Baltic,2860,0,396,10136,13755,19860,800,90,0,0,94,31,0,0,6,16,0,0,2,4,0,0,0,2,0,0,0,0,22,0,0,0,0,0,0,0,0,35,6
553,Baltic,3833,0,296,10334,15784,23508,568,91,0,0,78,35,0,0,6,18,0,0,2,3,0,0,0,2,0,0,0,0,0,0,0,0,0,0,0,0,0,33,6
553,Baltic,3305,0,359,10328,15809,23532,561,99,0,0,79,34,3,0,6,17,1,0,2,4,0,0,0,2,0,0,0,0,0,0,0,0,0,0,0,0,0,34,6
553,Baltic,0,748,403,10342,15808,23548,571,76,0,0,71,40,3,0,5,17,1,0,2,4,0,0,0,3,0,0,0,0,46,33,69,0,0,0,0,0,0,33,6
554,Baltic,3591,557,381,10811,13561,23724,482,69,0,0,75,51,0,0,6,18,0,0,2,3,0,0,0,3,0,0,0,0,37,36,0,0,0,0,0,0,0,32,7
554,Baltic,3819,608,304,10849,13637,23756,487,92,0,0,78,56,3,0,6,18,0,0,2,4,0,0,0,3,0,0,0,0,0,0,0,81,0,0,0,0,0,31,7
554,Baltic,4068,569,320,10727,13589,23682,481,89,0,0,75,55,4,0,6,18,0,0,2,3,0,0,0,3,0,0,0,0,32,35,0,0,116,0,0,0,0,31,6
555,Baltic,3298,0,444,10295,13212,21188,588,90,0,0,94,75,0,0,7,20,0,0,1,4,0,0,0,4,0,0,0,0,25,0,0,0,104,0,0,0,0,40,8
555,Baltic,3233,0,389,10346,13272,21302,605,101,0,0,97,79,0,0,5,20,0,0,1,3,0,0,0,4,0,0,0,0,24,33,0,71,116,0,0,0,0,41,8
555,Baltic,0,0,344,10284,13285,21335,619,93,0,0,96,79,0,0,5,20,0,0,1,3,0,0,0,4,0,0,0,0,28,34,0,0,0,0,0,0,0,40,8
555,Baltic,0,0,467,10154,12950,21150,833,95,0,0,92,81,0,0,5,20,0,0,2,4,0,0,0,3,0,0,0,0,0,0,0,0,0,0,0,0,0,41,7
555,Baltic,3143,0,561,10243,13027,21153,823,88,0,0,92,83,0,0,5,20,0,0,2,4,0,0,0,4,0,0,0,0,0,35,0,0,0,0,0,0,0,40,7
555,Baltic,4165,0,397,10257,13073,21183,835,99,0,0,97,83,3,0,5,19,0,0,2,3,0,0,0,4,0,0,0,0,0,0,0,0,0,0,0,0,0,40,8
559,Baltic,4151,0,400,10561,14795,23758,345,102,0,0,81,34,0,0,6,17,0,0,2,4,0,0,0,2,0,0,0,0,23,0,0,0,133,0,0,0,0,35,6
559,Baltic,3019,0,309,10548,14761,23814,323,105,0,0,83,36,0,0,6,17,0,0,1,4,0,0,0,2,0,0,0,0,23,0,0,0,0,0,0,0,0,34,7
559,Baltic,2878,0,353,10605,14811,23815,353,84,0,0,84,37,0,0,5,17,0,0,2,3,0,0,0,2,0,0,0,0,22,0,0,0,0,0,0,0,0,34,6
559,Baltic,2698,0,305,10252,14251,23897,331,90,0,0,73,33,4,0,6,17,0,0,2,3,0,0,0,3,0,0,0,0,22,0,0,0,0,0,0,0,0,32,6
559,Baltic,2589,0,379,10241,14254,23858,318,82,0,0,76,36,0,0,5,17,0,0,2,3,0,0,0,2,0,0,0,0,0,0,0,0,0,0,0,0,0,31,6
559,Baltic,3446,0,416,10214,14307,23886,330,90,0,0,77,35,3,0,5,18,0,0,2,3,0,0,0,3,0,0,0,0,25,0,0,0,0,0,0,0,0,33,5
560,Baltic,3061,0,464,9804,13059,18214,818,129,0,0,100,52,0,0,14,17,0,0,1,4,0,0,0,0,0,0,0,0,40,31,0,0,0,0,0,0,0,34,8
560,Baltic,4461,0,399,9729,12914,18202,802,81,0,0,103,57,0,0,15,17,0,0,1,3,0,0,0,2,0,0,0,0,38,0,0,0,0,0,0,0,0,35,7
560,Baltic,4311,0,425,9769,12838,18153,804,96,0,0,107,53,0,0,15,17,0,0,2,3,0,0,0,2,0,0,0,0,23,0,0,0,0,0,0,0,0,34,7
561,Baltic,3600,523,346,11225,13056,21820,1236,66,0,0,98,132,0,0,4,16,0,0,2,4,0,0,0,4,0,0,0,0,30,0,0,0,0,0,0,0,0,32,6
561,Baltic,4695,0,388,11242,13004,21851,1255,89,0,0,98,128,0,0,5,16,0,0,2,4,0,0,0,2,0,0,0,0,25,0,0,0,0,0,0,0,0,34,6
561,Baltic,2800,491,347,11263,12908,21760,1231,86,0,0,96,129,0,0,6,17,0,0,2,4,0,0,0,3,0,0,0,0,0,0,0,0,0,0,0,0,0,33,7
563,Baltic,0,747,458,9354,12488,15665,1256,1354,0,0,118,53,4,0,9,35,0,0,1,4,0,0,0,2,0,0,0,0,0,0,0,0,0,0,0,0,0,39,10
563,Baltic,3623,499,466,9354,12897,15656,1231,1373,0,0,120,54,3,0,9,35,0,0,1,4,0,0,0,0,0,0,0,0,0,0,0,0,0,0,0,0,0,36,9
563,Baltic,3385,582,514,9298,12758,15635,1263,1372,0,0,127,50,3,0,10,35,0,0,1,4,0,0,0,0,0,0,0,0,28,0,0,0,0,0,0,0,0,36,11
565,Baltic,3731,508,339,10977,14892,22566,975,83,0,0,95,49,0,0,6,17,0,0,2,3,0,0,0,4,0,0,0,0,0,0,0,0,0,0,0,0,0,33,7
565,Baltic,0,491,379,11010,14782,22510,957,77,0,0,94,46,3,0,6,18,0,0,1,4,0,0,0,4,0,0,0,0,0,0,0,0,0,0,0,0,0,35,7
565,Baltic,4381,0,322,10997,14843,22575,984,124,0,0,93,49,3,0,5,18,0,0,1,3,0,0,0,4,0,0,0,0,0,0,0,73,98,0,0,0,0,35,7
569,Iceland,4672,503,227,9500,19486,21434,760,99,0,0,41,43,0,0,3,24,0,0,2,4,0,0,0,3,0,0,0,0,0,0,0,0,0,0,0,0,0,30,6
569,Iceland,5062,0,260,9525,19530,21386,773,78,0,0,41,38,4,0,4,23,0,0,2,4,0,0,0,3,0,0,0,0,24,38,0,75,101,0,0,0,0,29,6
569,Iceland,4744,0,207,9522,19452,21346,747,94,0,0,42,42,0,0,4,22,0,0,2,4,0,0,0,2,0,0,0,0,0,0,0,0,0,0,0,0,0,29,5
570,Iceland,7046,1107,466,9747,14505,14813,1243,345,0,0,135,49,0,0,5,21,0,0,1,4,0,0,0,0,0,0,0,0,21,0,0,75,0,0,0,0,0,39,11
570,Iceland,4668,1030,525,9830,14456,14866,1260,304,0,0,133,53,0,0,4,22,0,0,1,4,0,0,0,2,0,0,0,0,21,0,51,0,83,0,0,0,0,40,11
570,Iceland,4220,692,510,9906,14421,14790,1267,315,0,0,127,50,0,0,6,22,0,0,1,4,0,0,0,2,0,0,0,0,0,0,0,0,0,0,0,0,0,39,10
572,Iceland,3012,0,188,10968,15595,26364,329,69,0,0,50,30,4,0,17,46,0,0,2,4,0,0,0,3,0,0,0,0,0,0,0,0,0,0,0,0,0,31,5
572,Iceland,3029,0,156,10965,15577,26278,350,93,0,0,56,26,3,0,16,44,0,0,2,3,0,0,0,3,0,0,0,0,0,0,0,0,0,0,0,0,0,30,6
572,Iceland,0,0,208,10911,15536,26305,329,94,0,0,53,25,3,0,17,44,0,0,2,3,0,0,0,3,2,0,0,0,0,0,0,0,0,0,0,0,0,32,6
573,Iceland,2877,0,205,9247,17604,23010,843,81,0,0,57,37,0,0,5,28,1,0,2,4,0,0,0,2,0,0,0,0,32,42,46,0,0,0,0,0,0,31,5
573,Iceland,0,0,214,9320,17629,23051,836,60,0,0,58,35,4,0,7,29,0,0,2,4,0,0,0,2,0,0,0,0,0,0,0,0,0,0,0,0,0,31,6
573,Iceland,0,549,254,9279,17496,23081,844,81,0,0,62,37,3,0,5,29,1,0,2,4,0,0,0,2,0,0,0,0,0,0,0,0,0,0,0,0,0,32,6
573,Iceland,0,0,233,9501,17911,23950,812,67,0,0,50,31,3,0,5,23,0,0,2,4,0,0,0,2,0,0,0,0,26,0,0,0,0,0,0,0,0,33,6
573,Iceland,2658,0,228,9522,17806,23922,831,92,0,0,54,33,4,0,7,24,0,0,2,4,0,0,0,2,0,0,0,0,0,0,0,0,0,0,0,0,0,32,7
573,Iceland,0,0,216,9524,17855,23971,821,0,0,0,49,31,0,0,6,24,0,0,2,4,0,0,0,2,0,0,0,0,23,0,0,0,0,0,0,0,0,33,6
594,Iceland,5243,699,415,10289,15748,18726,1126,118,0,0,118,84,0,0,9,39,0,0,1,4,0,0,0,2,0,0,0,0,23,38,47,69,0,0,0,1,0,40,10
594,Iceland,0,749,436,10249,15819,18702,1114,129,0,0,120,87,0,0,9,37,0,0,1,4,0,0,0,0,0,0,0,0,0,0,0,0,0,0,0,2,0,41,10
594,Iceland,0,887,359,10293,15918,18710,1073,112,0,0,119,86,0,0,8,37,0,0,1,4,0,0,0,0,0,0,0,0,0,0,0,0,0,0,0,2,0,39,10
595,Iceland,5241,680,178,10796,18641,25172,476,74,0,0,42,39,3,0,4,31,1,0,4,5,0,0,0,3,0,0,0,0,0,0,0,0,0,0,0,0,0,29,5
595,Iceland,5044,656,230,10796,18622,25083,467,101,0,0,43,36,0,0,5,31,0,0,4,5,0,0,0,2,0,0,0,0,23,0,0,73,0,0,0,0,0,27,6
595,Iceland,3600,0,237,10827,18647,25123,471,79,0,0,42,37,3,0,5,31,1,0,4,5,0,0,0,3,0,0,0,0,0,0,0,0,0,0,0,0,0,29,5
595,Iceland,5150,639,344,10436,18150,24646,480,76,0,0,43,37,0,0,4,33,1,0,4,5,0,0,0,2,0,0,0,0,23,0,0,78,97,0,0,0,0,28,5
595,Iceland,4835,759,263,10562,18205,24690,480,78,0,0,45,39,0,0,5,32,1,0,4,5,0,0,0,3,0,0,0,0,0,0,0,0,0,0,0,0,0,30,5
595,Iceland,4596,0,318,10538,18199,24648,488,77,0,0,45,36,0,0,5,32,1,0,4,5,0,0,0,2,0,0,0,0,26,0,0,0,0,0,0,0,0,30,5
596,Iceland,3990,880,230,8905,16808,20029,491,78,0,0,69,47,0,0,5,32,0,0,2,4,0,0,0,3,0,0,0,0,0,0,0,0,0,0,0,0,0,31,7
596,Iceland,5378,776,201,8849,16698,19990,499,81,0,0,71,43,3,0,5,32,0,0,2,4,0,0,0,3,0,0,0,0,0,0,0,0,0,0,0,0,0,32,7
596,Iceland,5139,830,195,8954,16786,20018,501,100,0,0,68,44,4,0,6,32,0,0,2,5,0,0,0,3,0,0,0,0,0,0,0,0,152,0,0,0,0,32,6
603,Iceland,3415,0,432,10190,16829,18223,988,302,0,0,128,63,0,0,6,23,1,0,1,3,0,0,0,2,0,0,0,0,26,0,0,0,0,0,0,0,0,42,10
603,Iceland,0,0,479,10159,16786,18087,987,354,0,0,123,67,0,0,5,21,0,0,1,4,0,0,0,2,0,0,0,0,18,0,0,0,0,0,0,0,0,41,10
603,Iceland,3575,0,458,10189,16845,18072,985,335,0,0,121,73,0,0,5,22,0,0,1,4,0,0,0,2,0,0,0,0,0,0,0,0,0,0,0,0,0,40,11
605,Iceland,0,0,254,10008,16486,24818,325,85,0,0,60,32,0,0,4,22,1,0,2,3,0,0,0,2,0,0,0,0,30,0,0,101,115,0,0,0,0,36,6
605,Iceland,3399,0,243,10086,16505,24834,314,94,0,0,55,36,3,0,6,23,0,0,2,3,0,0,0,3,0,0,0,0,30,0,0,0,0,0,0,0,0,35,6
605,Iceland,4154,0,204,10014,16533,24892,304,81,0,0,62,33,0,0,5,22,0,0,2,4,0,0,0,3,0,0,0,0,0,0,0,0,0,0,0,0,0,36,6
608,Iceland,8832,1052,435,8900,18121,19125,669,95,0,0,57,38,4,0,3,24,4,0,4,5,0,0,0,2,0,0,0,0,0,0,0,0,0,0,0,0,0,29,6
608,Iceland,7991,1327,271,8944,18167,19136,654,83,0,0,61,39,4,0,3,23,4,0,3,6,0,0,0,3,0,0,0,9,0,0,0,86,0,0,0,0,0,31,6
608,Iceland,8585,1068,362,8891,18261,19202,619,81,0,0,62,37,0,0,2,23,4,0,3,6,0,0,0,3,0,0,0,0,0,0,0,0,0,0,0,0,0,30,6
611,Iceland,7118,1358,523,7504,14295,15048,822,998,0,0,97,50,5,0,5,34,0,0,1,4,0,0,0,2,0,0,0,0,0,0,0,65,88,0,0,0,0,37,10
611,Iceland,6560,957,547,7448,14314,15041,810,980,0,0,100,55,0,0,6,33,0,0,1,4,0,0,0,3,0,0,0,0,18,28,42,0,0,0,0,0,0,38,10
611,Iceland,6430,823,511,7541,14347,15080,812,959,0,0,94,52,0,0,4,33,0,0,1,4,0,0,0,2,0,0,0,0,28,0,0,0,0,0,0,0,0,37,10
619,Iceland,3586,0,224,10361,18115,24499,227,96,0,0,42,32,3,0,3,28,0,0,2,3,0,0,0,3,0,0,0,0,0,0,0,0,0,0,0,0,0,30,5
619,Iceland,4335,704,192,10424,18141,24470,226,76,0,0,36,36,3,0,4,29,0,0,3,4,0,0,0,2,0,0,0,0,0,0,0,0,0,0,0,0,0,31,5
619,Iceland,4425,765,202,10348,18141,24518,242,87,0,0,39,34,5,0,2,27,0,0,3,3,0,0,0,3,0,0,0,0,23,41,0,0,0,0,0,0,0,31,6
619,Iceland,4748,0,170,9897,17227,23607,237,74,0,0,45,31,3,0,3,28,0,0,2,3,0,0,0,3,0,0,0,0,0,0,0,0,0,0,0,0,0,31,6
619,Iceland,4882,647,260,9895,17097,23499,223,116,0,0,40,28,0,0,3,29,0,0,2,3,0,0,0,3,0,0,0,0,0,0,45,0,0,0,0,0,0,33,5
619,Iceland,4335,0,0,9927,17205,23614,225,82,0,0,40,32,3,0,3,28,0,0,3,3,0,0,0,3,0,0,0,0,0,0,0,0,0,0,0,0,0,33,6
634,Iceland,4263,505,351,10269,13407,20381,234,76,0,0,54,31,4,0,2,27,0,0,3,5,0,0,0,3,0,0,0,0,0,0,0,0,0,0,0,0,0,29,6
634,Iceland,3973,480,211,10263,13500,20418,191,64,0,0,52,33,4,0,2,28,1,0,3,5,0,0,0,3,0,0,0,0,0,0,0,0,0,0,0,0,0,31,5
634,Iceland,4535,0,217,10292,13363,20312,212,101,0,0,53,31,3,0,2,27,1,0,3,5,0,0,0,3,0,0,0,0,0,0,43,0,0,0,0,0,0,29,6
648,Iceland,3748,0,156,10563,17701,25870,352,96,0,0,37,30,3,0,3,18,2,0,2,3,0,0,0,2,0,0,0,0,0,0,0,0,0,0,0,0,0,33,6
648,Iceland,3524,0,216,10530,17695,25779,346,94,0,0,38,28,0,0,2,19,2,0,2,3,0,0,0,3,0,0,0,0,0,0,0,80,0,0,0,0,0,32,5
648,Iceland,0,0,191,10479,17716,25901,379,79,0,0,37,27,0,0,4,20,2,0,2,4,0,0,0,3,0,0,0,0,0,36,0,0,0,0,0,0,0,33,5
648,Iceland,3697,0,247,10670,18000,26220,342,76,0,0,44,26,4,0,2,19,2,0,2,3,0,0,0,2,0,0,0,0,0,0,0,0,0,0,0,0,0,32,6
648,Iceland,3298,0,271,10752,18045,26262,322,77,0,0,40,30,3,0,3,20,2,0,3,3,0,0,0,3,0,0,0,0,31,0,0,0,0,0,0,0,0,30,5
648,Iceland,4576,0,156,10768,18001,26268,374,68,0,0,36,25,3,0,0,19,2,0,3,4,0,0,0,3,0,0,0,0,24,0,0,0,0,0,0,0,0,31,5
651,Iceland,4659,0,228,11134,15527,25201,232,94,0,0,57,41,0,0,4,17,0,0,2,4,0,0,0,3,0,0,0,0,0,0,0,0,0,0,0,0,0,34,6
651,Iceland,5631,0,211,11166,15518,25203,252,82,0,0,58,40,0,0,2,16,0,0,2,3,0,0,0,4,0,0,0,0,0,0,0,0,0,0,0,0,0,34,7
651,Iceland,3995,0,366,11122,15454,25141,229,99,0,0,63,43,3,0,3,19,0,0,2,4,0,0,0,2,0,0,0,0,31,0,0,0,0,0,0,0,0,33,6
655,Iceland,3701,0,181,10345,16927,24558,349,95,0,0,50,32,3,0,6,20,0,0,2,3,0,0,0,2,0,0,0,0,0,44,0,0,0,0,0,0,0,33,6
655,Iceland,4220,0,256,10431,16937,24508,349,78,0,0,52,29,3,0,7,20,0,0,2,3,0,0,0,3,0,0,0,0,0,0,0,103,0,0,0,0,0,31,6
655,Iceland,4093,0,175,10415,16921,24511,348,90,0,0,49,30,0,0,6,20,0,0,2,3,0,0,0,3,0,0,0,0,32,0,0,0,110,0,0,0,0,33,6
668,Iceland,0,538,410,9032,16308,16528,1190,136,0,0,120,97,0,0,7,22,0,0,1,4,0,0,0,2,0,0,0,0,0,0,0,68,108,0,0,0,0,39,10
668,Iceland,0,0,421,9028,16352,16452,1185,154,0,0,124,99,0,0,7,22,0,0,1,3,0,0,0,2,0,0,0,0,22,0,0,0,0,0,0,0,0,40,11
668,Iceland,4136,0,515,9064,16481,16580,1155,145,0,0,127,99,0,0,7,21,0,0,1,4,0,0,0,2,0,0,0,0,20,0,39,0,0,0,0,0,0,40,11
669,Iceland,3035,0,310,9940,17864,24843,301,85,0,0,41,31,3,0,0,22,7,0,2,5,0,0,0,2,0,0,0,0,0,0,0,0,0,0,0,0,0,32,6
669,Iceland,2830,0,342,10044,17968,24864,299,101,0,0,41,31,0,0,0,23,8,0,3,4,0,0,0,2,0,0,0,0,0,36,0,0,0,0,0,0,0,32,6
669,Iceland,0,0,341,9999,17810,24807,287,70,0,0,36,32,4,0,2,22,8,0,3,4,0,0,0,1,0,0,0,0,26,0,0,75,102,0,0,0,0,33,5
669,Iceland,0,0,243,9833,17802,24714,307,68,0,0,32,26,4,0,0,23,9,0,3,4,0,0,0,2,0,0,0,0,0,0,0,0,0,0,0,0,0,26,5
669,Iceland,0,0,250,9922,17832,24724,291,71,0,0,32,27,0,0,3,22,9,0,3,4,0,0,0,3,0,0,0,0,0,0,0,0,0,0,0,0,0,26,4
669,Iceland,0,0,234,9932,17916,24870,281,67,0,0,32,31,4,0,2,23,9,0,3,4,0,0,0,2,0,0,0,0,0,35,0,0,0,0,0,0,0,28,5
670,Iceland,4406,0,285,9589,16220,21941,331,102,0,0,39,25,0,0,3,22,1,0,3,4,0,0,0,4,0,0,0,0,0,0,0,0,0,0,0,0,0,30,4
670,Iceland,4315,0,191,9551,16255,21818,320,84,0,0,45,25,3,0,3,21,1,0,2,4,0,0,0,3,0,0,0,0,0,0,0,67,0,0,0,0,0,29,5
670,Iceland,3146,0,188,9633,16268,21904,365,84,0,0,50,23,0,0,2,21,1,0,2,4,0,0,0,3,0,0,0,0,22,0,0,0,0,0,0,0,0,31,6
674,Celtic,3548,629,260,10251,21123,23141,1977,101,0,0,62,76,0,0,4,31,6,0,3,8,0,0,0,2,0,0,0,0,19,30,0,0,0,0,0,0,0,38,9
674,Celtic,5350,0,354,10268,21244,23200,1978,67,0,0,61,81,0,0,7,31,6,0,3,8,0,0,0,2,0,0,0,0,0,0,0,0,0,0,0,0,0,36,9
674,Celtic,4102,0,335,10165,21186,23164,2007,84,0,0,61,77,0,0,4,32,6,0,3,8,0,0,0,2,0,0,0,0,21,27,0,0,0,0,0,0,0,39,10
675,Celtic,3845,679,276,10338,18376,22022,778,118,0,0,61,48,4,0,4,33,16,0,3,6,0,0,0,2,0,0,0,0,0,0,0,0,0,0,0,0,0,36,10
675,Celtic,0,0,318,10339,18433,22055,783,105,0,0,68,49,4,0,4,34,16,0,3,5,0,0,0,2,0,0,0,0,0,0,0,69,89,0,0,0,0,37,10
675,Celtic,4090,567,305,10413,18489,22050,800,106,0,0,66,47,4,0,3,33,16,0,3,6,0,0,0,2,0,0,0,0,21,0,0,0,79,0,0,0,0,37,10
676,Celtic,6682,846,401,10586,16221,23252,739,136,0,0,54,41,0,0,4,33,26,0,3,6,0,0,0,3,0,0,0,0,0,0,0,106,124,0,0,0,0,40,9
676,Celtic,4936,0,305,10596,16321,23211,725,129,0,0,64,45,4,0,5,33,27,0,3,6,0,0,0,2,0,0,0,0,18,0,0,0,0,0,0,0,0,39,10
676,Celtic,4786,0,381,10617,16262,23253,745,118,0,0,55,44,3,0,0,33,27,0,3,6,0,0,0,3,0,0,0,0,0,30,0,0,0,0,0,0,0,40,10
677,Celtic,6655,707,349,11634,17243,24382,1564,108,0,0,48,45,0,0,3,33,26,0,4,8,0,0,0,3,0,0,0,0,21,0,0,0,0,0,0,0,0,38,9
677,Celtic,5847,681,319,11683,17348,24438,1562,0,0,0,53,49,4,0,3,32,26,0,3,7,0,0,0,2,0,0,0,0,0,0,0,0,0,0,0,0,0,36,9
677,Celtic,6064,782,224,11679,17261,24371,1572,89,0,0,47,48,4,0,4,31,26,0,3,7,0,0,0,3,0,0,0,0,0,0,0,0,103,0,0,0,0,36,10
678,Celtic,6410,0,244,11781,17115,26360,552,66,0,0,37,30,4,0,4,30,23,0,3,5,0,0,0,0,0,0,0,0,0,0,0,59,83,0,0,0,0,31,8
678,Celtic,4486,0,260,11746,16710,26185,533,81,0,0,37,30,5,0,5,31,22,0,4,5,0,0,0,2,0,0,0,0,20,0,0,0,0,0,0,0,0,32,7
678,Celtic,4977,0,207,11802,17155,26252,530,76,0,0,44,30,4,0,4,31,23,0,3,4,0,0,0,0,0,0,0,0,0,0,0,0,0,0,0,0,0,31,8
678,Celtic,3762,729,266,11022,15858,24762,529,115,0,0,46,37,0,0,3,31,19,0,3,5,0,0,0,0,0,0,0,0,0,0,0,0,0,0,0,0,0,33,8
678,Celtic,0,0,315,10970,15609,24681,535,124,0,0,43,38,0,0,4,32,19,0,3,5,0,0,0,2,0,0,0,0,29,0,0,0,0,0,0,0,0,33,8
678,Celtic,4214,0,347,11051,15656,24728,548,106,0,0,48,33,3,0,3,30,19,0,3,5,0,0,0,2,0,0,0,0,0,0,0,0,0,0,0,0,0,35,8
679,Celtic,5264,737,449,8890,18285,17571,746,233,0,0,72,60,4,0,5,46,12,0,3,6,0,0,0,2,0,0,0,0,0,37,0,0,105,0,0,0,0,41,9
679,Celtic,5313,888,527,8914,18275,17533,736,251,0,0,74,61,4,0,4,45,12,0,3,5,0,0,0,2,0,0,0,0,0,0,0,59,102,0,0,0,0,40,10
679,Celtic,5212,788,419,8917,18215,17556,754,227,0,0,71,55,0,0,4,44,12,0,3,6,0,0,0,2,0,0,0,0,0,0,0,0,0,0,0,0,0,40,10
679,Celtic,7812,818,324,9063,18312,17572,766,121,0,0,63,57,4,0,3,44,15,0,3,6,0,0,0,2,0,0,0,0,22,26,0,66,0,0,0,0,0,36,9
679,Celtic,7405,1310,407,9015,18210,17505,777,122,0,0,66,62,0,0,3,44,15,0,4,6,0,0,0,4,0,0,0,0,0,0,0,0,0,0,0,0,0,38,9
679,Celtic,6992,0,440,9038,18361,17619,775,123,0,0,61,62,4,0,3,45,15,0,3,6,0,0,0,2,0,0,0,0,0,0,0,76,0,0,0,0,0,37,10
680,Celtic,7447,1075,325,10302,17752,18957,650,110,0,0,60,34,0,0,4,36,36,0,4,6,0,0,0,0,0,0,0,0,0,0,0,0,0,0,0,0,0,38,9
680,Celtic,6474,752,354,10372,17536,18961,686,99,0,0,60,35,0,0,4,35,36,0,4,5,0,0,0,0,0,0,0,0,0,30,36,85,0,0,0,0,0,37,9
680,Celtic,9075,724,316,10414,17240,18942,634,107,0,0,52,36,5,0,4,34,37,0,4,5,0,0,0,2,0,0,0,0,0,0,0,0,104,0,0,0,0,36,9
680,Celtic,9181,808,249,10335,17055,18788,690,81,0,0,52,34,0,0,4,34,38,0,4,5,0,0,0,3,0,0,0,0,21,0,0,0,0,0,0,0,0,35,9
680,Celtic,8635,965,297,10353,17373,18803,693,73,0,0,54,36,0,0,3,35,37,0,4,5,0,0,0,0,0,0,0,0,19,0,0,70,81,0,0,0,0,35,10
680,Celtic,7261,967,386,10339,17070,18764,659,98,0,0,52,32,0,0,4,36,37,0,4,5,0,0,0,3,0,0,0,0,0,0,0,0,0,0,0,0,0,36,9
681,Celtic,0,0,377,11229,21391,28194,1232,87,0,0,104,56,0,0,3,29,3,0,3,6,0,0,0,3,0,0,0,0,0,0,0,0,79,0,0,0,0,41,10
681,Celtic,3539,0,358,11118,21537,28160,1207,118,0,0,104,53,4,0,3,28,2,0,3,6,0,0,0,2,0,0,0,0,0,0,0,0,0,0,0,0,0,39,10
681,Celtic,3189,0,284,11173,21516,28105,1212,92,0,0,102,51,0,0,4,28,2,0,3,6,0,0,0,2,0,0,0,0,21,40,0,0,0,0,0,0,0,38,10
682,Celtic,4967,606,270,11528,22095,27110,466,141,0,0,80,157,0,0,4,31,3,0,3,5,0,0,0,2,0,0,0,0,0,0,0,0,81,0,0,0,0,36,9
682,Celtic,5153,0,300,11643,22191,27277,479,145,0,0,89,157,0,0,5,33,3,0,4,6,0,0,0,2,0,0,0,0,0,0,0,66,0,0,0,0,0,39,9
682,Celtic,4903,0,354,11631,22193,27329,459,127,0,0,82,149,0,0,5,32,3,0,3,6,0,0,0,2,0,0,0,0,0,0,0,0,0,0,0,0,0,40,9
682,Celtic,5908,0,355,11350,21745,27093,485,89,0,0,93,157,0,0,5,30,3,0,3,6,0,0,0,2,0,0,0,0,19,34,0,0,0,0,0,0,0,37,9
682,Celtic,5258,0,364,11295,22200,26965,521,99,0,0,91,157,0,0,4,31,3,0,3,6,0,0,0,0,0,0,0,0,0,0,0,0,0,0,0,0,0,38,9
682,Celtic,5144,0,296,11323,22055,26938,489,93,0,0,89,153,0,0,4,30,3,0,3,5,0,0,0,0,0,0,0,0,0,0,0,0,0,0,0,0,0,37,9
684,Celtic,4476,0,320,11431,18972,26551,498,349,0,0,50,135,0,0,3,35,4,0,3,5,0,0,0,2,0,0,0,0,0,0,0,63,81,0,0,0,0,38,9
684,Celtic,3221,0,378,11520,19075,26550,486,313,0,0,52,136,0,0,4,34,4,0,3,5,0,0,0,3,0,0,0,0,0,0,0,0,0,0,0,0,0,35,9
684,Celtic,3784,0,380,11497,19312,26585,469,318,0,0,45,135,0,0,3,34,4,0,2,5,0,0,0,0,0,0,0,0,19,29,0,0,0,0,0,0,0,37,9
684,Celtic,3620,0,376,12265,20159,28195,496,90,0,0,40,162,0,0,2,27,6,0,3,5,0,0,0,3,0,0,0,0,19,0,0,0,0,0,0,0,0,34,8
684,Celtic,4477,0,361,12206,20199,28283,512,88,0,0,41,170,0,0,4,28,6,0,3,5,0,0,0,2,0,0,0,0,22,34,46,69,0,0,0,0,0,34,9
684,Celtic,0,0,274,12289,20315,28258,483,124,0,0,38,164,0,0,3,28,6,0,3,5,0,0,0,3,0,0,0,0,23,0,0,80,0,0,0,0,0,33,8
685,Celtic,4564,0,309,10825,16691,24804,319,94,0,0,49,149,0,0,4,31,10,0,3,5,0,0,0,2,0,0,0,0,20,29,0,0,0,0,0,0,0,35,8
685,Celtic,0,778,314,10793,16625,24697,348,84,0,0,47,147,0,0,4,32,10,0,3,5,0,0,0,4,0,0,0,0,20,0,0,0,0,0,0,0,0,33,9
685,Celtic,5286,0,353,10786,16752,24859,339,127,0,0,51,147,0,0,4,32,10,0,3,5,0,0,0,2,0,0,0,0,0,0,0,0,0,0,0,0,0,34,8
686,Celtic,4751,0,398,10492,18297,24516,641,150,0,0,60,35,4,0,2,34,11,0,3,6,0,0,0,0,0,0,0,0,0,43,41,0,0,0,0,0,0,39,9
686,Celtic,4222,560,322,10548,17943,24460,639,145,0,0,57,36,0,0,4,34,12,0,3,6,0,0,0,3,0,0,0,0,0,0,0,0,0,0,0,0,0,38,9
686,Celtic,4326,574,248,10511,18007,24465,653,156,0,0,56,34,0,0,3,34,12,0,3,6,0,0,0,2,0,0,0,0,0,0,0,0,0,0,0,0,0,37,8
687,Celtic,4021,0,279,10652,17190,24218,333,93,0,0,53,51,4,0,2,35,21,0,3,5,0,0,0,2,0,0,0,0,0,0,0,0,0,0,0,0,0,34,8
687,Celtic,3366,625,342,10647,17204,24110,331,114,0,0,59,53,0,0,3,35,21,0,3,5,0,0,0,2,0,0,0,0,25,0,0,0,0,0,0,0,0,31,8
687,Celtic,6579,0,268,10505,17500,24187,317,106,0,0,56,56,0,0,4,35,22,0,3,5,0,0,0,0,0,0,0,0,23,0,0,0,0,0,0,0,0,35,8
688,Celtic,4520,0,292,11629,21555,26827,1820,89,0,0,77,51,4,0,4,31,4,0,3,7,0,0,0,3,0,0,0,0,0,0,0,0,90,0,0,0,0,40,10
688,Celtic,4216,0,379,11635,21704,26799,1840,149,0,0,79,49,0,0,4,31,4,0,2,7,0,0,0,2,0,0,0,0,0,28,0,0,0,0,0,0,0,40,10
688,Celtic,4636,608,311,11599,21683,26860,1856,99,0,0,85,50,3,0,3,32,4,0,2,7,0,0,0,2,0,0,0,0,0,0,0,0,0,0,0,0,0,39,10
1048,Norwegian,0,0,333,10739,16517,22755,701,986,0,0,122,51,0,0,4,36,4,0,2,6,0,0,0,2,0,0,0,0,27,0,0,0,86,0,0,0,0,41,11
1048,Norwegian,0,0,325,10829,16496,22793,701,922,0,0,120,53,4,0,4,36,4,0,1,6,0,0,0,2,0,0,0,0,18,38,0,72,103,0,0,0,0,42,10
1048,Norwegian,0,0,326,10853,16965,22849,660,959,0,0,123,52,0,0,5,37,4,0,2,6,0,0,0,0,0,0,0,0,21,0,0,0,0,0,0,0,0,44,11
1049,Norwegian,0,0,402,10534,15614,26505,350,93,0,0,41,31,4,0,10,26,27,0,3,4,0,0,0,2,0,0,0,0,25,32,0,0,0,0,0,0,0,32,6
1049,Norwegian,0,591,414,10522,15711,26570,359,69,0,0,42,33,3,0,10,26,27,0,3,4,0,0,0,2,0,0,0,0,25,0,0,0,0,0,0,0,0,32,6
1049,Norwegian,0,0,442,10498,15506,26450,316,66,0,0,36,30,3,0,11,26,27,0,3,4,0,0,0,2,0,0,0,0,31,0,0,0,0,0,0,0,0,30,5
1050,Norwegian,0,0,374,9464,15669,26456,539,93,0,0,47,39,0,0,0,24,1,0,3,6,0,0,0,2,0,0,0,0,0,0,0,0,0,0,0,0,0,34,6
1050,Norwegian,0,0,392,9475,15992,26457,523,91,0,0,55,37,0,0,0,24,1,0,3,6,0,0,0,0,0,0,0,0,24,42,0,0,0,0,0,0,0,33,6
1050,Norwegian,0,0,412,9474,15626,26482,522,101,0,0,46,34,0,0,3,26,1,0,3,6,0,0,0,2,0,0,0,0,24,0,0,0,0,0,0,0,0,35,6
1051,Norwegian,4464,0,413,9847,18382,24890,512,91,0,0,81,41,0,0,2,25,6,0,2,6,0,0,0,2,0,0,0,0,26,0,58,0,0,0,0,0,0,34,6
1051,Norwegian,4185,0,460,9878,18299,24758,526,104,0,0,82,42,0,0,3,24,6,0,2,5,0,0,0,4,0,0,0,0,0,0,0,0,0,0,0,0,0,33,7
1051,Norwegian,3219,0,371,9825,18395,24876,496,107,0,0,83,38,0,0,3,25,6,0,2,5,0,0,0,2,0,0,0,0,0,0,0,0,0,0,0,0,0,34,7
1052,Norwegian,0,0,311,12219,15923,29274,331,167,0,0,63,37,3,0,3,32,35,0,2,5,0,0,0,3,0,0,0,0,0,0,0,0,0,0,0,0,0,38,9
1052,Norwegian,0,0,199,12241,16058,29360,341,198,0,0,66,42,5,0,0,30,34,0,2,5,0,0,0,2,0,0,0,0,0,0,0,0,0,0,0,0,0,38,10
1052,Norwegian,0,0,329,12266,15997,29428,304,198,0,0,64,35,0,0,2,32,35,0,2,5,0,0,0,2,0,0,0,0,0,0,0,0,0,0,0,0,0,39,10
1057,Norwegian,4315,0,276,13622,15413,31000,240,114,0,0,46,33,0,0,3,28,0,0,3,5,0,0,0,2,0,0,0,0,0,0,0,57,94,0,0,0,0,36,8
1057,Norwegian,0,0,328,13565,15308,30970,258,109,0,0,45,33,0,0,3,29,0,0,3,4,0,0,0,2,0,0,0,0,0,28,0,87,128,0,0,0,0,35,8
1057,Norwegian,3557,0,226,13639,15359,30971,244,99,0,0,44,32,0,0,3,29,0,0,3,5,0,0,0,3,0,0,0,0,20,29,0,0,0,0,0,0,0,36,9
1058,Norwegian,4454,679,317,11813,16337,29987,302,125,0,0,54,36,0,0,6,29,9,0,2,5,0,0,0,2,0,0,0,0,0,0,0,0,0,0,0,0,0,37,10
1058,Norwegian,4795,0,341,11861,16440,30142,339,114,0,0,58,33,4,0,6,29,9,0,2,5,0,0,0,3,0,0,0,0,0,0,0,0,0,0,0,0,0,39,9
1058,Norwegian,0,0,354,11934,16397,30027,344,117,0,0,65,32,4,0,4,29,9,0,2,5,0,0,0,3,0,0,0,0,20,0,0,0,0,0,0,0,0,39,10
1059,Norwegian,0,0,420,10352,13421,26533,304,76,0,0,61,36,4,0,3,23,1,0,3,4,0,0,0,3,0,0,0,0,0,0,0,0,99,0,0,0,0,34,6
1059,Norwegian,3243,0,420,10266,13329,26407,322,95,0,0,54,34,0,0,4,23,1,0,2,4,0,0,0,3,0,0,0,0,0,0,0,68,0,0,0,0,0,33,6
1059,Norwegian,0,0,483,10299,13384,26443,302,88,0,0,52,36,0,0,2,22,0,0,2,5,0,0,0,4,0,0,0,0,0,41,0,66,0,0,0,0,0,32,6
1059,Norwegian,2787,0,406,10777,16710,27752,299,102,0,0,55,29,4,0,4,24,10,0,3,4,0,0,0,3,0,0,0,0,0,0,0,0,0,0,0,0,0,33,6
1059,Norwegian,2851,0,399,10802,16729,27759,296,100,0,0,62,34,0,0,4,24,10,0,2,5,0,0,0,2,0,0,0,0,0,0,0,0,0,0,0,0,0,31,6
1059,Norwegian,0,0,336,10848,16761,27804,346,102,0,0,54,33,5,0,4,25,10,0,2,5,0,0,0,3,0,0,0,0,0,0,0,0,0,0,0,0,0,32,6
1060,Norwegian,4105,0,421,12857,16206,29458,494,105,0,0,102,47,3,0,10,28,0,0,2,6,0,0,0,2,0,0,0,0,0,0,0,0,0,0,0,0,0,42,10
1060,Norwegian,4636,0,443,12832,16243,29434,499,94,0,0,99,50,0,0,9,27,0,0,2,5,0,0,0,2,0,0,0,0,0,0,0,0,77,0,0,0,0,40,11
1060,Norwegian,0,0,358,12762,16285,29534,469,88,0,0,102,44,0,0,8,29,0,0,2,5,0,0,0,2,0,0,0,0,0,0,0,0,0,0,0,0,0,39,11
1061,Norwegian,3597,0,379,11092,17007,27418,361,109,0,0,54,37,3,0,9,27,5,0,3,5,0,0,0,3,0,0,0,0,0,0,0,0,93,0,0,0,0,33,6
1061,Norwegian,3636,630,431,11102,16968,27338,360,66,0,0,56,35,0,0,10,25,5,0,2,4,0,0,0,3,0,0,0,0,0,0,0,0,0,0,0,0,0,31,6
1061,Norwegian,2877,0,352,11027,16995,27259,360,75,0,0,57,31,3,0,9,27,5,0,3,4,0,0,0,3,0,0,0,0,0,0,0,0,0,0,0,0,0,31,6
1062,Norwegian,0,0,528,10290,13367,24776,239,99,0,0,46,50,0,0,3,19,1,0,2,3,0,0,0,0,0,0,0,0,0,34,42,63,93,0,0,0,0,38,7
1062,Norwegian,0,0,390,10382,13080,24783,244,129,0,0,41,53,6,0,3,20,0,0,2,3,0,0,0,3,0,0,0,0,0,0,0,0,0,0,0,0,0,38,7
1062,Norwegian,0,0,457,10314,13126,24847,221,91,0,0,42,48,0,0,4,20,1,0,2,3,0,0,0,2,0,0,0,0,0,0,0,66,0,0,0,0,0,39,7
1063,Norwegian,0,0,375,11092,15826,27443,378,81,0,0,65,40,0,0,5,25,0,0,3,5,0,0,0,3,0,0,0,0,0,32,0,0,0,0,0,0,0,35,6
1063,Norwegian,4136,661,376,11152,15765,27295,370,87,0,0,66,43,3,0,7,25,0,0,2,5,0,0,0,2,0,0,0,0,0,0,0,0,0,0,0,0,0,34,6
1063,Norwegian,2813,0,373,11073,15782,27331,343,85,0,0,68,39,3,0,6,25,0,0,3,5,0,0,0,2,0,0,0,0,0,0,0,0,0,0,0,0,0,35,6
1109,Norwegian,3746,0,438,11383,14055,28257,289,81,0,0,33,29,0,0,2,25,3,0,3,4,0,0,0,2,0,0,0,0,0,0,0,79,0,0,0,0,0,31,5
1109,Norwegian,3291,0,284,11325,13941,28035,278,78,0,0,36,32,4,0,0,25,3,0,3,4,0,0,0,2,0,0,0,0,30,0,0,0,0,0,0,0,0,31,6
1109,Norwegian,3749,0,445,11379,13964,28037,235,70,0,0,33,30,4,0,2,24,4,0,3,4,0,0,0,3,0,0,0,0,0,0,0,0,0,0,0,0,0,29,5
1110,Norwegian,2917,0,409,10799,15761,27464,308,87,0,0,28,23,0,0,3,25,3,0,3,4,0,0,0,2,0,0,0,0,24,0,0,0,0,0,0,0,0,29,5
1110,Norwegian,0,0,340,10751,15790,27371,308,76,0,0,32,27,0,0,3,25,3,0,3,4,0,0,0,3,0,0,0,0,0,0,0,0,0,0,0,0,0,30,6
1110,Norwegian,0,0,323,10807,15684,27390,292,0,0,0,29,26,3,0,3,25,3,0,3,4,0,0,0,3,0,0,0,0,0,0,0,0,96,0,0,0,0,28,5
1111,Norwegian,0,0,411,10323,15860,24993,289,81,0,0,55,36,3,0,4,26,11,0,3,4,0,0,0,3,0,0,0,0,25,0,42,0,0,0,0,0,0,33,6
1111,Norwegian,0,0,346,10325,15806,25114,292,90,0,0,59,40,3,0,5,27,11,0,2,5,0,0,0,3,0,0,0,0,0,0,0,0,0,0,0,0,0,33,5
1111,Norwegian,3090,0,359,10344,15890,25177,295,76,0,0,62,34,0,0,5,27,11,0,2,5,0,0,0,2,0,0,0,0,0,37,0,0,0,0,0,0,0,33,6
1112,Norwegian,0,0,224,12160,16023,29939,279,153,0,0,47,32,0,0,5,30,2,0,3,5,0,0,0,2,0,0,0,0,0,0,0,0,0,0,0,0,0,36,8
1112,Norwegian,4696,0,221,12160,16031,29980,261,179,0,0,41,29,0,0,6,31,2,0,3,5,0,0,0,2,0,0,0,0,20,0,0,0,0,0,0,0,0,35,8
1112,Norwegian,0,0,313,12104,16050,29959,270,148,0,0,51,32,0,0,5,31,3,0,3,5,0,0,0,2,0,0,0,0,19,0,0,0,0,0,0,0,0,36,9
1112,Norwegian,0,0,220,11875,15452,29460,286,119,0,0,46,31,4,0,8,30,2,0,2,5,0,0,0,8,0,0,0,0,25,33,37,0,0,0,0,0,0,36,8
1112,Norwegian,3565,0,274,11909,15620,29670,282,115,0,0,46,31,0,0,7,30,2,0,2,5,0,0,0,6,0,0,0,0,0,0,0,0,0,0,0,0,0,36,8
1112,Norwegian,0,0,198,11930,15527,29550,282,118,0,0,43,34,0,0,5,29,2,0,3,5,0,0,0,7,0,0,0,0,23,30,0,0,0,0,0,0,0,33,8
1113,Norwegian,0,0,499,12445,13828,29074,207,72,0,0,43,28,3,0,8,26,8,0,3,4,0,0,0,3,0,0,0,0,23,0,0,0,0,0,0,0,0,30,5
1113,Norwegian,3240,0,403,12514,13877,29180,215,95,0,0,43,28,0,0,9,27,8,0,3,4,0,0,0,2,0,0,0,0,0,0,0,66,0,0,0,0,0,28,5
1113,Norwegian,2854,0,479,12435,13821,29145,222,94,0,0,39,26,0,0,9,26,8,0,3,4,0,0,0,3,0,0,0,0,0,0,0,71,0,0,0,0,0,31,5
1114,Norwegian,0,0,621,9121,14223,24255,280,134,0,0,56,37,0,0,5,26,11,0,2,4,0,0,0,4,0,0,0,0,26,32,43,0,0,0,0,0,0,49,8
1114,Norwegian,0,0,615,9107,14055,24113,255,137,0,0,59,39,0,0,6,26,11,0,2,5,0,0,0,4,0,0,0,0,0,0,0,0,0,0,0,0,0,48,8
1114,Norwegian,0,0,522,9148,14260,24356,288,141,0,0,61,37,0,0,4,27,11,0,2,5,0,0,0,5,0,0,0,0,0,0,0,0,0,0,0,0,0,50,8
1115,Norwegian,0,0,540,8198,13585,15799,1176,2066,0,0,149,55,0,0,5,46,0,0,1,6,0,0,0,2,0,0,0,0,22,0,0,0,91,0,0,0,0,44,12
1115,Norwegian,4319,0,562,8311,13488,15792,1196,2087,0,0,152,60,3,0,5,46,0,0,2,6,0,0,0,2,0,0,0,0,19,29,40,0,0,0,0,0,0,44,11
1115,Norwegian,3143,0,512,8275,13537,15815,1195,2088,0,0,152,55,0,0,4,47,0,0,2,6,0,0,0,4,0,0,0,0,0,0,0,0,0,0,0,0,0,43,12
1116,Norwegian,4833,0,335,11773,17875,28450,482,86,0,0,68,38,0,0,4,25,0,0,2,5,0,0,0,3,0,0,0,0,29,0,0,0,0,0,0,0,0,33,7
1116,Norwegian,2752,0,342,11799,17794,28397,430,72,0,0,65,34,0,0,4,25,0,0,2,5,0,0,0,4,0,0,0,0,0,0,0,0,0,0,0,0,0,36,6
1116,Norwegian,2837,0,350,11784,17767,28295,439,80,0,0,65,37,3,0,4,25,0,0,3,5,0,0,0,4,0,0,0,0,0,0,0,0,0,0,0,0,0,32,5
1117,Norwegian,0,0,283,10673,16808,27710,315,99,0,0,47,31,0,0,3,23,11,0,3,5,0,0,0,3,0,0,0,0,23,0,0,0,0,0,0,0,0,30,6
1117,Norwegian,3222,0,437,10670,16827,27737,306,79,0,0,46,32,6,0,4,25,11,0,3,5,0,0,0,4,0,0,0,0,0,0,0,0,0,0,0,0,0,32,5
1117,Norwegian,3002,0,350,10727,16860,27731,312,0,0,0,43,32,4,0,5,25,11,0,3,4,0,0,0,3,0,0,0,0,0,0,0,0,116,0,0,0,0,30,5
1118,Norwegian,3176,0,405,11016,17701,26280,463,91,0,0,61,40,3,0,5,26,16,0,3,6,0,0,0,3,0,0,0,0,0,0,0,0,0,0,0,0,0,34,6
1118,Norwegian,3179,0,336,10961,17713,26230,482,88,0,0,60,37,3,0,7,26,15,0,3,5,0,0,0,3,0,0,0,0,26,0,0,0,0,0,0,0,0,32,6
1118,Norwegian,0,0,435,10969,17613,26282,464,80,0,0,66,42,0,0,6,26,15,0,3,5,0,0,0,3,0,0,0,0,23,0,0,90,98,0,0,0,0,32,6
1119,Norwegian,3159,0,343,10529,16289,26186,308,162,0,0,69,38,4,0,6,26,10,0,2,5,0,0,0,3,0,0,0,0,24,0,0,69,0,0,0,0,0,37,7
1119,Norwegian,0,0,318,10513,16138,26071,326,163,0,0,66,36,0,0,4,26,10,0,2,5,0,0,0,3,0,0,0,0,0,0,0,80,0,0,0,0,0,36,6
1119,Norwegian,3563,0,396,10414,16164,25989,308,172,0,0,68,37,0,0,5,26,10,0,3,5,0,0,0,2,0,0,0,0,0,32,0,0,0,0,0,0,0,35,7
1119,Norwegian,0,0,370,10358,15893,25894,316,116,0,0,66,36,4,0,4,25,11,0,2,5,0,0,0,2,0,0,0,0,24,0,0,71,0,0,0,0,0,33,6
1119,Norwegian,0,0,371,10293,15933,25865,334,99,0,0,65,34,3,0,5,25,11,0,2,5,0,0,0,3,0,0,0,0,0,0,0,0,0,0,0,0,0,33,6
1119,Norwegian,0,0,342,10351,16031,25877,321,78,0,0,58,39,3,0,5,25,12,0,3,5,0,0,0,3,0,0,0,0,0,0,0,0,0,0,0,0,0,33,6
1120,Norwegian,0,0,297,12397,17331,30372,363,148,0,0,55,31,4,0,4,31,50,0,3,5,0,0,0,3,0,0,0,0,23,0,0,0,0,0,0,0,0,40,9
1120,Norwegian,0,0,329,12400,17302,30273,340,135,0,0,48,32,0,0,3,32,50,0,2,5,0,0,0,2,0,0,0,0,0,0,0,0,0,0,0,0,0,39,10
1120,Norwegian,0,0,355,12340,17266,30277,337,134,0,0,56,39,0,0,6,33,50,0,2,5,0,0,0,2,0,0,0,0,0,0,0,0,0,0,0,0,0,38,10
1120,Norwegian,0,0,263,12216,16903,29844,346,158,0,0,50,32,0,0,3,33,50,0,3,4,0,0,0,3,0,0,0,0,0,0,0,0,0,0,0,0,0,38,10
1120,Norwegian,3232,0,223,12222,17226,29847,336,146,0,0,49,34,0,0,4,33,51,0,2,5,0,0,0,0,0,0,0,0,20,42,51,104,145,0,0,0,0,38,9
1120,Norwegian,0,0,329,12277,16930,29917,343,148,0,0,48,36,3,0,5,34,51,0,2,4,0,0,0,2,0,0,0,0,21,0,0,0,0,0,0,0,0,39,9
1121,Norwegian,0,0,324,10426,17624,26948,360,83,0,0,71,31,0,0,6,24,53,0,2,5,0,0,0,3,0,0,0,0,0,0,0,0,0,0,0,0,0,36,7
1121,Norwegian,3418,0,368,10383,17576,26911,363,75,0,0,64,30,4,0,6,23,53,0,3,5,0,0,0,3,0,0,0,0,0,0,0,67,0,0,0,0,0,36,6
1121,Norwegian,0,0,322,10421,17593,26841,364,115,0,0,66,36,5,0,6,23,52,0,2,4,0,0,0,3,0,0,0,0,30,32,0,0,0,0,0,0,0,36,7
1122,Norwegian,3747,0,500,10248,14114,25599,281,0,0,0,34,33,0,0,2,24,30,0,3,4,0,0,0,2,0,0,0,0,23,0,0,0,0,0,0,0,0,28,5
1122,Norwegian,0,0,388,10147,13971,25618,296,0,0,0,38,35,4,0,2,24,31,0,3,5,0,0,0,3,0,0,0,0,0,0,0,0,0,0,0,0,0,28,5
1122,Norwegian,0,0,434,10169,14145,25574,300,72,0,0,34,34,3,0,2,23,30,0,3,5,0,0,0,2,0,0,0,0,0,0,0,68,132,0,0,0,0,28,5
1122,Norwegian,2873,0,404,9959,13595,25086,284,68,0,0,37,33,0,0,2,24,32,0,3,4,0,0,0,3,0,0,0,0,0,0,44,0,0,0,0,0,0,28,5
1122,Norwegian,0,0,443,9925,13687,25032,285,86,0,0,31,32,3,0,3,24,31,0,3,4,0,0,0,4,0,0,0,0,0,0,0,0,0,0,0,0,0,27,4
1122,Norwegian,0,0,348,9981,13676,25161,277,75,0,0,35,34,4,0,2,24,32,0,3,5,0,0,0,3,0,0,0,0,0,0,0,0,0,0,0,0,0,27,5
1123,Norwegian,0,0,416,11151,16485,22124,914,868,0,0,140,63,0,0,3,37,11,0,2,7,0,0,0,2,0,0,0,0,0,0,0,0,0,0,0,0,0,42,10
1123,Norwegian,3828,0,412,11203,16565,22093,879,829,0,0,139,63,0,0,4,37,11,0,2,6,0,0,0,2,0,0,0,0,0,0,0,57,0,0,0,0,0,41,11
1123,Norwegian,3673,0,503,11186,16518,22069,896,831,0,0,136,66,0,0,4,37,11,0,2,6,0,0,0,2,0,0,0,0,0,0,0,63,0,0,0,0,0,40,11
1124,Norwegian,0,0,370,11248,15549,28954,287,0,0,0,39,27,3,0,15,25,28,0,3,4,0,0,0,2,0,0,0,0,0,0,0,68,0,0,0,0,0,32,5
1124,Norwegian,0,0,287,11141,15358,28825,271,92,0,0,32,29,3,0,17,26,29,0,3,5,0,0,0,2,0,0,0,0,41,39,0,69,0,0,0,0,0,32,4
1124,Norwegian,0,0,312,11073,15686,28797,290,90,0,0,35,29,4,0,17,25,29,0,3,4,0,0,0,0,0,0,0,0,27,49,0,0,0,0,0,0,0,32,5
1125,Norwegian,0,0,328,11515,17530,30643,436,120,0,0,73,41,4,0,15,44,8,0,3,5,0,0,0,2,0,0,0,0,0,28,0,0,0,0,0,0,0,41,9
1125,Norwegian,0,0,317,11551,17942,30656,432,124,0,0,79,35,5,0,13,45,8,0,2,6,0,0,0,0,0,0,0,0,26,0,38,0,0,0,0,0,0,41,10
1125,Norwegian,0,0,304,11565,17992,30757,401,100,0,0,72,40,0,0,12,44,9,0,2,5,0,0,0,0,0,0,0,0,0,0,0,0,0,0,0,0,0,41,10
1125,Norwegian,0,0,302,11784,17672,30580,407,91,0,0,64,35,0,0,12,36,9,0,2,5,0,0,0,2,0,0,0,0,0,0,0,0,0,0,0,0,0,40,10
1125,Norwegian,5531,0,243,11751,17740,30653,393,93,0,0,64,40,0,0,11,36,9,0,2,5,0,0,0,2,0,0,0,0,0,0,0,0,0,0,0,0,0,40,10
1125,Norwegian,4253,0,245,11829,17796,30649,404,120,0,0,66,37,0,0,11,36,9,0,2,5,0,0,0,3,0,0,0,0,0,28,0,0,0,0,0,0,0,41,10
1126,Norwegian,0,0,353,10208,17873,25817,322,76,0,0,51,40,4,0,3,23,11,0,3,5,0,0,0,4,0,0,0,0,0,0,0,0,0,0,0,0,0,33,5
1126,Norwegian,0,0,354,10200,17983,25842,329,83,0,0,50,37,4,0,3,23,11,0,2,4,0,0,0,4,0,0,0,0,23,0,0,68,0,0,0,0,0,31,6
1126,Norwegian,2723,0,471,10218,17954,25814,329,73,0,0,48,37,0,0,3,23,11,0,3,4,0,0,0,4,0,0,0,0,0,0,0,0,0,0,0,0,0,31,6
1127,Norwegian,0,0,367,10493,14823,26291,306,100,0,0,34,36,4,0,5,20,13,0,2,3,0,0,0,4,0,0,0,0,22,0,0,0,0,0,0,0,0,33,6
1127,Norwegian,2603,0,339,10541,14751,26254,323,76,0,0,34,33,0,0,6,21,13,0,2,3,0,0,0,2,0,0,0,0,0,0,0,0,0,0,0,0,0,32,6
1127,Norwegian,0,0,379,10434,14802,26298,340,87,0,0,37,34,3,0,5,20,13,0,3,3,0,0,0,3,0,0,0,0,0,0,0,0,0,0,0,0,0,32,6
1127,Norwegian,0,0,379,10816,15292,26500,315,84,0,0,36,34,4,0,4,20,13,0,2,3,0,0,0,3,0,0,0,0,26,0,0,0,0,0,0,0,0,30,5
1127,Norwegian,0,0,365,10846,15363,26536,311,63,0,0,34,37,0,0,3,20,14,0,2,3,0,0,0,2,0,0,0,0,0,0,0,0,0,0,0,0,0,30,5
1127,Norwegian,0,0,411,10835,15302,26518,319,0,0,0,29,31,3,0,4,19,14,0,3,3,0,0,0,3,0,0,0,0,0,0,0,0,0,0,0,0,0,30,5
1128,Norwegian,0,0,254,12014,21229,30843,456,123,0,0,78,44,4,0,8,31,41,0,3,5,0,0,0,3,0,0,0,0,0,0,0,0,0,0,0,0,0,41,10
1128,Norwegian,0,0,287,12020,21465,30755,436,114,0,0,72,44,4,0,8,31,42,0,2,5,0,0,0,0,0,0,0,0,0,0,0,0,0,0,0,0,0,41,11
1128,Norwegian,0,0,310,11982,21265,30811,406,114,0,0,69,46,0,0,9,31,41,0,2,5,0,0,0,2,0,0,0,0,0,0,0,0,0,0,0,0,0,40,10
1128,Norwegian,0,0,339,11978,21464,30428,428,144,0,0,72,47,0,0,9,32,41,0,2,5,0,0,0,0,0,0,0,0,0,0,0,0,0,0,0,0,0,39,10
1128,Norwegian,4155,0,272,12030,21275,30599,426,142,0,0,74,44,0,0,7,32,42,0,3,5,0,0,0,2,0,0,0,0,0,0,0,0,94,0,0,0,0,40,9
1128,Norwegian,0,0,310,12053,21151,30534,415,163,0,0,71,43,0,0,8,33,42,0,2,5,0,0,0,4,0,0,0,0,0,0,0,0,0,0,0,0,0,41,10
1129,Norwegian,0,0,465,9925,14423,24192,370,78,0,0,71,41,4,0,3,26,42,0,3,5,0,0,0,3,0,0,0,0,0,33,0,0,94,0,0,0,0,34,6
1129,Norwegian,3089,0,357,9923,14428,24205,379,85,0,0,67,37,0,0,3,24,43,0,2,5,0,0,0,4,0,0,0,0,24,34,0,0,101,0,0,0,0,35,7
1129,Norwegian,0,0,500,9878,14359,24139,372,67,0,0,64,37,0,0,5,26,43,0,2,5,0,0,0,4,0,0,0,0,0,0,0,0,0,0,0,0,0,34,6
1130,Norwegian,3140,0,332,11054,18078,26334,437,0,0,0,40,55,0,0,8,22,8,0,3,3,0,0,0,4,0,0,0,0,21,0,0,0,0,0,0,0,0,34,6
1130,Norwegian,0,0,415,11057,18002,26163,429,86,0,0,41,49,4,0,8,22,8,0,3,3,0,0,0,3,0,0,0,0,23,0,0,0,0,0,0,0,0,34,6
1130,Norwegian,0,0,363,11012,18037,26259,394,92,0,0,41,56,0,0,8,21,7,0,3,3,0,0,0,3,0,0,0,0,0,0,0,0,0,0,0,0,0,34,6
1132,Norwegian,0,0,297,11729,18602,29245,334,72,0,0,44,36,0,0,8,31,25,0,2,4,0,0,0,2,0,0,0,0,24,33,0,63,89,0,0,0,0,36,9
1132,Norwegian,3865,0,275,11633,18566,29152,354,96,0,0,43,34,3,0,8,30,25,0,3,4,0,0,0,2,0,0,0,0,26,28,39,80,0,0,0,0,0,36,9
1132,Norwegian,0,0,341,11661,18520,29265,349,83,0,0,42,36,0,0,8,31,25,0,3,5,0,0,0,3,0,0,0,0,0,0,0,81,134,0,0,0,0,35,10
1132,Norwegian,0,0,277,11579,18091,28897,351,101,0,0,48,36,0,0,8,31,25,0,3,5,0,0,0,2,0,0,0,0,0,0,0,0,0,0,0,0,0,34,8
1132,Norwegian,3408,0,377,11635,18527,28832,348,87,0,0,43,35,0,0,8,30,24,0,3,5,0,0,0,0,0,0,0,0,27,43,0,0,0,0,0,0,0,36,8
1132,Norwegian,0,0,256,11537,18528,28896,346,91,0,0,47,32,0,0,9,31,25,0,3,4,0,0,0,0,0,0,0,0,0,0,0,0,0,0,0,0,0,36,9
1133,Norwegian,0,0,345,10955,14941,22413,890,1140,0,0,132,60,0,0,9,40,8,0,2,6,0,0,0,0,0,0,0,0,29,29,40,0,0,0,0,0,0,37,10
1133,Norwegian,0,0,469,10920,15130,22531,857,1184,0,0,129,57,4,0,9,39,8,0,1,6,0,0,0,0,0,0,0,0,0,0,0,0,78,0,0,0,0,40,12
1133,Norwegian,3024,0,431,10913,15043,22476,857,1142,0,0,134,56,3,0,8,39,9,0,2,6,0,0,0,0,0,0,0,0,0,0,0,0,0,0,0,0,0,40,10
1134,Norwegian,5196,0,441,12337,15932,30435,283,97,0,0,67,37,0,0,4,24,15,0,3,5,0,0,0,3,0,0,0,0,0,0,0,0,129,0,0,0,0,36,6
1134,Norwegian,4702,698,323,12278,15811,30369,267,91,0,0,65,40,5,0,6,24,15,0,2,5,0,0,0,3,0,0,0,0,24,0,0,0,0,0,0,0,0,35,7
1134,Norwegian,0,0,388,12289,15700,30415,279,102,0,0,65,42,3,0,5,24,14,0,2,5,0,0,0,2,0,0,0,0,0,0,0,0,0,0,0,0,0,37,7
1135,Norwegian,3013,0,416,11112,13693,27158,301,76,0,0,57,37,0,0,0,24,23,0,2,5,0,0,0,2,0,0,0,0,0,0,0,0,0,0,0,0,0,32,6
1135,Norwegian,2976,0,426,11036,13636,27087,291,89,0,0,54,30,4,0,4,24,22,0,3,5,0,0,0,2,0,0,0,0,26,34,0,0,117,0,0,0,0,30,6
1135,Norwegian,0,0,352,11055,13654,27187,274,82,0,0,56,32,0,0,5,26,23,0,3,5,0,0,0,3,0,0,0,0,24,0,0,67,0,0,0,0,0,32,6
1136,Norwegian,5385,0,304,13850,17419,30871,468,168,0,0,98,43,4,0,7,29,18,0,2,5,0,0,0,2,0,0,0,0,20,0,0,0,0,0,0,0,0,40,11
1136,Norwegian,3436,714,363,13864,17429,30796,475,139,0,0,94,43,4,0,9,30,19,0,3,6,0,0,0,2,0,0,0,0,20,0,0,0,0,0,0,0,0,43,10
1136,Norwegian,5678,0,337,13838,17781,30907,484,136,0,0,95,40,0,0,7,31,18,0,2,5,0,0,0,0,0,0,0,0,0,0,0,58,0,0,0,0,0,42,11
1137,Rockall,3686,0,385,9756,12340,22946,372,434,0,0,47,149,0,0,3,27,1,0,2,3,0,0,0,2,0,0,0,0,0,0,0,0,0,0,0,0,0,33,6
1137,Rockall,3738,0,374,9743,12221,22943,353,430,0,0,54,152,0,0,3,28,1,0,2,3,0,0,0,3,0,0,0,0,20,0,0,0,0,0,0,0,0,33,7
1137,Rockall,4511,506,350,9687,12299,22967,383,425,0,0,55,151,4,0,5,28,2,0,2,3,0,0,0,2,0,0,0,0,0,0,0,0,89,0,0,0,0,31,7
1138,Rockall,5044,0,262,9416,18279,21490,481,195,0,0,59,217,0,0,3,25,0,0,2,3,0,0,0,2,0,0,0,0,0,0,0,0,0,0,0,0,0,33,7
1138,Rockall,0,0,233,9364,18361,21524,496,187,0,0,64,220,0,0,4,25,0,0,2,3,0,0,0,3,0,0,0,0,0,0,0,0,124,0,0,0,0,33,6
1139,Rockall,0,509,284,9346,15417,19123,349,125,0,0,62,49,0,0,4,23,0,0,2,3,0,0,0,3,0,0,0,0,0,0,0,0,0,0,0,0,0,33,6
1139,Rockall,2735,0,339,9400,15393,19152,344,159,0,0,60,51,0,0,4,22,0,0,2,3,0,0,0,3,0,0,0,0,0,0,0,0,0,0,0,0,0,33,7
1139,Rockall,5642,0,315,9369,15381,19098,360,121,0,0,64,50,3,0,4,23,0,0,2,3,0,0,0,2,0,0,0,0,0,0,0,0,0,0,0,0,0,34,6
1139,Rockall,0,0,337,9434,18243,21494,510,203,0,0,64,216,0,0,3,24,0,0,2,3,0,0,0,2,0,0,0,0,0,0,0,0,0,0,0,0,0,33,7
1140,Rockall,6629,755,345,9827,18721,20449,678,106,0,0,88,50,0,0,42,43,1,0,3,6,0,0,0,2,0,0,0,0,0,0,0,0,0,0,0,0,0,37,9
1140,Rockall,6991,0,418,9846,18696,20429,662,73,0,0,85,58,0,0,42,42,1,0,3,6,0,0,0,2,0,0,0,0,0,0,0,0,0,0,0,0,0,38,10
1140,Rockall,5562,1017,469,9870,19150,20459,665,97,0,0,85,51,0,0,41,41,1,0,3,5,0,0,0,0,0,0,0,0,0,0,0,0,0,0,0,0,0,37,9
1141,Rockall,5577,500,322,10237,12907,20882,614,352,0,0,64,49,4,0,12,24,0,0,2,3,0,0,0,2,0,0,0,0,21,0,0,67,0,0,0,0,0,35,7
1141,Rockall,5256,0,403,10366,12997,20898,624,339,0,0,64,44,0,0,11,23,0,0,2,3,0,0,0,3,0,0,0,0,22,0,0,0,93,0,0,0,0,35,7
1141,Rockall,5529,524,342,10302,12888,20777,608,346,0,0,67,52,4,0,12,25,0,0,2,3,0,0,0,2,0,0,0,0,0,0,43,59,87,0,0,0,0,34,8
1202,Wscotland,0,0,318,10530,13066,23597,312,164,0,0,87,53,0,0,4,21,2,0,2,3,0,0,0,3,0,0,0,0,0,0,0,0,0,0,0,0,0,36,7
1202,Wscotland,3298,726,349,10480,12977,23492,318,172,0,0,89,57,0,0,3,22,2,0,2,3,0,0,0,2,0,0,0,0,0,0,0,0,0,0,0,0,0,36,8
1202,Wscotland,3352,0,316,10526,13095,23610,323,178,0,0,79,54,4,0,3,21,1,0,1,3,0,0,0,3,0,0,0,0,0,32,0,62,0,0,0,0,0,37,7
1203,Wscotland,4503,809,306,9697,16879,19697,364,116,0,0,69,75,4,0,4,27,0,0,2,3,0,0,0,2,0,0,0,0,0,0,0,0,0,0,0,0,0,34,7
1203,Wscotland,4631,709,250,9686,16983,19786,357,94,0,0,69,71,0,0,3,28,0,0,1,4,0,0,0,2,0,0,0,0,0,0,0,0,0,0,0,0,0,35,8
1203,Wscotland,3885,596,319,9672,16917,19719,362,89,0,0,70,78,0,0,3,27,0,0,2,3,0,0,0,2,0,0,0,0,21,0,0,0,0,0,0,0,0,35,7
1205,Wscotland,3911,0,335,10721,16165,21690,277,154,0,0,73,87,0,0,3,24,2,0,2,3,0,0,0,2,0,0,0,0,23,29,0,0,0,0,0,0,0,37,8
1205,Wscotland,2911,0,221,10726,16288,21701,254,159,0,0,75,89,0,0,3,24,1,0,2,3,0,0,0,3,0,0,0,0,19,0,0,0,92,0,0,0,0,34,7
1205,Wscotland,3952,0,250,10779,16172,21656,294,163,0,0,78,85,4,0,3,25,2,0,2,3,0,0,0,4,0,0,0,0,24,0,0,0,0,0,0,0,0,35,7
1206,Wscotland,4175,546,324,10689,17096,20896,277,143,0,0,82,82,0,0,4,26,0,0,2,3,0,0,0,3,0,0,0,0,22,0,0,0,0,0,0,0,0,36,7
1206,Wscotland,3524,822,332,10708,16997,20849,257,140,0,0,82,81,3,0,4,25,0,0,1,3,0,0,0,2,0,0,0,0,0,0,0,0,0,0,0,0,0,38,8
1206,Wscotland,4359,0,343,10762,17071,20939,253,144,0,0,79,83,0,0,4,25,0,0,2,2,0,0,0,2,0,0,0,0,0,0,0,70,96,0,0,0,0,37,8
1207,Wscotland,2690,863,301,10203,17618,19991,362,97,0,0,71,94,0,0,5,35,0,0,2,3,0,0,0,3,0,0,0,0,0,0,0,0,0,0,0,0,0,32,7
1207,Wscotland,4016,527,338,10262,17596,20099,395,94,0,0,69,90,3,0,4,35,0,0,2,3,0,0,0,3,0,0,0,0,28,0,0,0,0,0,0,0,0,34,7
1207,Wscotland,5001,0,311,10289,17561,20072,381,96,0,0,66,96,0,0,4,35,0,0,2,3,0,0,0,2,0,0,0,0,0,0,0,68,0,0,0,0,0,35,8
1208,Wscotland,2964,0,265,9556,16230,17077,405,423,0,0,85,78,0,0,4,33,1,0,2,3,0,0,0,2,0,0,0,0,0,27,0,71,91,0,0,0,0,35,8
1208,Wscotland,4730,669,316,9447,16161,17019,409,417,0,0,81,86,0,0,5,33,1,0,2,3,0,0,0,2,0,0,0,0,33,46,0,74,124,0,0,0,0,37,8
1208,Wscotland,4834,606,446,9504,16367,17073,402,430,0,0,78,86,0,0,5,34,2,0,2,3,0,0,0,2,0,0,0,0,20,29,0,0,0,0,0,0,0,36,7
1209,Wscotland,4110,0,247,11181,16783,22206,289,110,0,0,68,95,0,0,5,34,1,0,2,3,0,0,0,2,0,0,0,0,0,0,0,0,0,0,0,0,0,33,7
1209,Wscotland,4636,670,305,11224,16797,22281,266,119,0,0,66,93,3,0,4,33,1,0,2,3,0,0,0,2,0,0,0,0,0,0,0,66,0,0,0,0,0,33,7
1209,Wscotland,4083,0,308,11242,16761,22230,249,98,0,0,64,92,0,0,4,35,1,0,2,3,0,0,0,2,0,0,0,0,26,32,46,59,85,0,0,0,0,32,7
Y_02,Barents,3145,0,367,11090,14672,23861,287,73,0,0,25,25,4,0,5,26,39,0,3,4,0,1,0,0,0,0,0,0,0,0,0,0,0,0,0,0,0,25,5
Y_02,Barents,4046,0,169,11114,14554,23812,285,81,0,0,30,21,3,0,4,25,38,0,3,4,0,0,0,3,0,0,0,0,0,0,0,0,0,0,0,0,0,26,4
Y_02,Barents,5616,0,232,11025,14585,23839,276,74,0,0,31,26,4,0,4,25,38,0,3,4,0,0,0,3,0,0,0,0,29,0,0,0,100,0,0,0,0,26,5
Y_02,Barents,3840,0,204,11086,14959,24136,304,67,0,0,22,23,4,0,5,25,42,0,4,4,0,0,0,2,0,0,0,0,32,0,54,0,0,0,0,0,0,25,4
Y_02,Barents,4474,612,247,11181,15045,24199,276,74,0,0,25,21,0,0,5,24,41,0,4,4,0,0,0,2,0,0,0,0,0,0,0,0,112,0,0,0,0,26,4
Y_02,Barents,4226,599,175,11244,14977,24196,282,0,0,0,26,25,3,0,3,24,41,0,4,4,0,0,0,4,0,0,0,0,0,0,0,81,0,0,0,0,0,25,5
Y_06,Barents,4060,0,186,10415,14061,23892,221,81,0,0,23,22,4,0,3,24,78,0,3,3,0,0,0,3,0,0,0,0,0,0,0,0,0,0,0,0,0,27,4
Y_06,Barents,5320,0,283,10399,14096,23887,225,77,0,0,22,23,4,0,5,26,78,0,4,3,0,0,0,3,0,0,0,0,31,0,0,0,0,0,0,0,0,28,5
Y_06,Barents,0,0,255,10380,14005,23775,233,82,0,0,23,22,3,0,4,26,78,0,3,3,0,0,0,2,0,0,0,0,0,0,0,0,0,0,0,0,0,27,4
Y_06,Barents,3341,0,296,10334,13959,23425,211,76,0,0,21,22,4,0,4,25,82,0,4,4,0,0,0,2,0,0,0,0,0,0,0,0,0,0,0,0,0,24,4
Y_06,Barents,4161,0,260,10363,13997,23447,212,65,0,0,21,20,3,0,3,25,83,0,3,3,0,0,0,3,0,0,0,0,0,0,0,0,0,0,0,0,0,26,4
Y_06,Barents,3907,653,286,10419,14028,23390,206,66,0,0,22,22,4,0,3,25,82,0,4,4,0,0,0,3,0,0,0,0,0,0,0,68,0,0,0,0,0,24,4
Y_09,Barents,5518,737,281,10138,14764,21652,473,76,0,0,26,30,0,0,4,29,179,0,3,5,0,0,0,3,0,0,0,0,0,0,0,0,0,0,0,0,0,29,5
Y_09,Barents,4327,0,282,10057,14639,21487,487,69,0,0,29,26,4,0,4,28,178,0,4,4,0,1,0,4,0,0,0,0,32,38,0,0,0,0,0,0,0,27,5
Y_09,Barents,5625,872,359,10077,14773,21549,469,0,0,0,30,24,3,0,5,28,179,0,4,4,0,0,0,3,0,0,0,0,29,0,0,0,0,0,0,0,0,30,5
Y_09,Barents,2749,670,368,10255,15068,21705,452,81,0,0,22,22,4,0,3,28,191,0,3,4,0,0,0,0,0,0,0,0,0,0,0,69,0,0,0,0,0,28,5
Y_09,Barents,4700,556,278,10276,14907,21704,443,100,0,0,29,26,0,0,4,28,189,0,4,4,0,0,0,3,0,0,0,0,31,0,0,0,0,0,0,0,0,28,4
Y_09,Barents,4605,555,255,10328,14758,21718,446,98,0,0,27,24,3,0,3,28,190,0,4,4,0,0,0,3,0,0,0,0,25,34,0,0,0,0,0,0,0,29,5
Y_10,Barents,5652,0,316,11023,16304,22445,333,93,0,0,30,34,4,0,5,33,75,0,3,5,0,0,0,3,0,0,0,0,0,0,0,0,0,0,0,0,0,30,5
Y_10,Barents,4864,0,258,10970,16183,22453,319,70,0,0,30,34,0,0,6,34,75,0,4,5,0,0,0,3,0,0,0,0,23,0,0,69,99,0,0,0,0,30,4
Y_10,Barents,4881,0,230,11085,16247,22456,338,92,0,0,31,33,4,0,5,33,76,0,3,5,0,0,0,2,0,0,0,0,0,0,0,0,0,0,0,0,0,30,5
Y_14,Barents,4701,519,357,9676,15253,19537,666,92,0,0,19,22,3,0,4,31,131,0,3,5,0,0,0,3,0,0,0,0,0,0,0,77,0,0,0,0,0,28,5
Y_14,Barents,3921,686,284,9721,15249,19484,640,68,0,0,23,22,3,0,3,31,131,0,3,5,0,1,0,2,0,0,0,0,0,0,0,0,0,0,0,0,0,26,5
Y_14,Barents,4502,529,178,9669,15279,19518,635,85,0,0,27,24,4,0,3,30,131,0,3,4,0,0,0,3,0,0,0,0,32,32,0,0,0,0,0,0,0,28,5
Y_16,Barents,5215,620,273,10677,14927,23398,269,82,0,0,36,26,3,0,4,24,111,0,3,4,0,0,0,2,0,0,0,0,0,0,0,0,0,0,0,0,0,30,5
Y_16,Barents,3427,0,284,10626,14896,23363,293,77,0,0,28,21,0,0,3,24,112,0,3,4,0,0,0,1,0,0,0,0,33,44,0,0,0,0,0,0,0,30,6
Y_16,Barents,3352,0,181,10553,14984,23460,294,74,0,0,28,22,4,0,4,25,112,0,4,4,0,0,0,3,0,0,0,0,0,0,0,0,0,0,0,0,0,29,5
Y_19,Barents,3962,0,427,10531,13996,21942,201,93,0,0,29,29,0,0,3,25,8,0,3,4,0,0,0,3,0,0,0,0,0,0,0,67,0,0,0,0,0,27,5
Y_19,Barents,4332,0,483,10475,14020,21940,195,79,0,0,31,31,0,0,3,27,8,0,3,4,0,0,0,2,0,0,0,0,25,32,42,0,0,0,0,0,0,27,4
Y_19,Barents,4251,0,423,10478,13983,21850,192,69,0,0,28,28,4,0,4,26,8,0,3,4,0,0,0,2,0,0,0,0,0,0,0,75,0,0,0,0,0,28,5
Y_22,Barents,5186,585,287,9378,17687,21737,469,78,0,0,31,24,5,0,9,27,26,0,3,4,0,0,0,3,0,0,0,0,25,0,0,0,0,0,0,0,0,26,5
Y_22,Barents,2877,503,272,9350,17706,21727,492,0,0,0,27,24,0,0,9,27,26,0,3,4,0,0,0,2,0,0,0,0,0,0,0,0,0,0,0,0,0,26,5
Y_22,Barents,3495,0,256,9353,17729,21761,482,74,0,0,31,25,4,0,9,27,26,0,3,5,0,0,0,3,0,0,0,0,22,0,0,0,0,0,0,0,0,28,5
Y_22,Barents,2908,0,265,9373,17707,21232,457,0,0,0,27,22,0,0,22,28,27,0,3,5,0,0,0,2,0,0,0,0,25,0,47,0,0,0,0,0,0,27,5
Y_22,Barents,4645,0,231,9375,17680,21198,452,0,0,0,32,24,5,0,24,28,27,0,3,4,0,0,0,3,0,0,0,0,22,33,0,0,0,0,0,0,0,26,5
Y_22,Barents,0,0,255,9375,17813,21240,442,81,0,0,27,26,3,0,21,29,26,0,4,4,0,0,0,3,0,0,0,0,0,0,0,0,0,0,0,0,0,26,5
Y_25,Barents,3364,0,307,10075,14927,22157,275,0,0,0,33,25,0,0,4,25,28,0,3,5,0,0,0,2,0,0,0,0,25,0,0,0,0,0,0,0,0,30,5
Y_25,Barents,0,0,277,10068,14894,22056,284,97,0,0,36,28,3,0,3,25,28,0,3,4,0,0,0,2,0,0,0,0,0,0,0,0,0,0,0,0,0,32,6
Y_25,Barents,0,0,250,10017,14942,22033,274,67,0,0,33,28,0,0,2,25,27,0,3,5,0,0,0,4,0,0,0,0,26,0,0,0,0,0,0,0,0,30,6
Y_29,Barents,0,0,345,11768,16142,27140,289,99,0,0,51,30,3,0,17,25,26,0,3,4,0,0,0,2,0,0,0,0,0,0,0,0,0,0,0,0,0,31,5
Y_29,Barents,0,0,404,11894,16143,27223,294,79,0,0,36,29,3,0,19,25,27,0,3,5,0,0,0,2,0,0,0,0,0,0,45,0,0,0,0,0,0,34,6
Y_29,Barents,2998,0,434,11863,16102,27103,306,102,0,0,45,32,4,0,18,26,26,0,3,5,0,0,0,4,0,0,0,0,0,0,0,0,0,0,0,0,0,33,5
Y_29,Barents,4736,0,451,10785,14666,22915,215,91,0,0,30,30,0,0,3,27,9,0,3,4,0,0,0,2,0,0,0,0,0,0,0,0,0,0,0,0,0,27,4
Y_29,Barents,4406,0,428,10798,14580,22848,206,79,0,0,27,32,4,0,4,27,8,0,3,5,0,0,0,2,0,0,0,0,0,0,63,73,0,0,0,0,0,27,5
Y_29,Barents,3523,0,384,10780,14625,22848,210,87,0,0,30,31,5,0,4,26,8,0,3,4,0,0,0,2,0,0,0,0,0,0,0,0,0,0,0,0,0,27,5
